edad,ingreso_anual,monto_prestamo,tasa_interes,antiguedad_laboral,historial_credito,deuda_actual,num_productos_banco,tiene_hipoteca,estado_civil,educacion,tipo_empleo,default
60,117916.0,43267,5.36,5.0,,8334,5,No,Divorciado,Universitario,Relacion_de_dependencia,0
50,58872.0,20576,7.53,8.0,686.0,24162,1,No,Casado,Universitario,Relacion_de_dependencia,0
36,61197.0,36946,18.19,26.0,,6008,5,No,Soltero,Secundaria,Autonomo,0
64,70180.0,7116,8.23,3.0,476.0,7987,2,Si,Casado,Universitario,Relacion_de_dependencia,1
29,38710.0,16563,10.11,26.0,648.0,29764,2,No,Casado,Secundaria,Relacion_de_dependencia,0
42,44486.0,27788,23.93,27.0,554.0,3332,1,No,Casado,Secundaria ,Relacion_de_dependencia,0
60,86907.0,27928,16.2,1.0,607.0,787,5,Si,Casado,Secundaria,Relacion_de_dependencia,0
40,86895.0,37336,20.01,28.0,644.0,6222,2,Si,Casado,Universitario,Relacion_de_dependencia,0
44,79435.0,10847,16.16,3.0,426.0,9873,4,Si,Divorciado,Secundaria,Relacion_de_dependencia,0
32,55631.0,27155,16.05,0.0,586.0,17006,3,No,Soltero,Universitario,Relacion_de_dependencia,1
32,116532.0,15135,6.88,18.0,,20225,3,Si,Soltero,Universitario,Relacion_de_dependencia,0
45,35103.0,18774,11.87,25.0,,3676,2,No,Soltero,,Relacion_de_dependencia,0
57,79772.0,2742,10.65,24.0,705.0,2572,5,Si,Casada,Universitario,Relacion_de_dependencia,0
61,,19309,12.81,9.0,687.0,6915,2,Si,Casado,Posgrado,Relacion_de_dependencia,0
45,99291.0,1619,20.97,20.0,824.0,5033,5,No,Divorciado,Universitario,Autonomo,0
24,116195.0,18658,12.44,,575.0,7788,4,Si,Casado,Universitario,Relacion_de_dependencia,0
43,18756.0,35707,14.03,26.0,799.0,15689,5,Si,Casado,Secundaria,Autonomo,0
23,35609.0,21337,12.95,21.0,636.0,11452,2,Si,Divorciado,Posgrado,Autonomo,0
45,31478.0,17001,6.87,18.0,780.0,21598,4,Si,Soltero,Secundaria,Relacion_de_dependencia,0
51,115978.0,1968,13.82,15.0,572.0,4712,1,Si,Casado,Universitario,Relacion_de_dependencia,0
59,54666.0,48614,8.91,20.0,357.0,29703,3,No,Casado,Univ.,Desempleado,1
23,90683.0,26892,8.73,26.0,627.0,66,2,No,Casado,Secundaria,Autonomo,0
42,114097.0,26619,6.88,23.0,408.0,15855,2,Si,Casado,Secundaria,Desempleado,0
54,115420.0,1281,12.13,21.0,578.0,12478,2,No,Casado,Universitario,Autonomo,0
33,,28420,20.15,3.0,627.0,7533,4,No,Soltero,Universitario,Relacion_de_dependencia,0
43,,16360,10.53,1.0,614.0,15103,1,No,Casado,Universitario,Relacion_de_dependencia,0
46,29153.0,40030,11.25,29.0,N/A,4616,5,Si,Casado,Posgrado,Relacion_de_dependencia,0
48,91325.0,2058,17.85,24.0,410.0,13277,1,Si,Casado,Secundaria,Relacion_de_dependencia,0
63,27999.0,21677,8.92,12.0,528.0,17524,4,Si,Casado,Secundaria,Relacion_de_dependencia,1
49,70318.0,11724,22.94,27.0,796.0,26890,2,No,Divorciado,Universitario,Autonomo,0
37,15814.0,29404,15.4,0.0,455.0,5730,3,No,Casado,Universitario,Relacion_de_dependencia,1
36,91077.0,38946,13.95,16.0,772.0,10724,2,Si,casado,Universitario,Relacion_de_dependencia,0
24,105474.0,40748,16.16,12.0,571.0,11772,5,Si,Casado,Secundaria,Autonomo,0
58,17443.0,30856,8.32,3.0,,23849,3,No,Casado,Universitario,Autonomo,1
28,,10200,17.27,6.0,,16268,2,No,Divorciado,Universitario,Relacion_de_dependencia,0
42,0.0,34997,12.26,16.0,585.0,25763,3,Si,Casado,Universitario,Autonomo,0
30,88319.0,26611,22.94,8.0,312.0,20855,1,No,Casado,,Autonomo,1
60,32368.0,42235,8.38,3.0,,12940,4,No,Soltero,,Relacion_de_dependencia,0
39,30328.0,36057,15.14,18.0,537.0,19723,2,No,Casado,Universitario,Relacion_de_dependencia,1
25,71942.0,2239,16.96,0.0,N/A,16932,5,No,Soltero,Secundaria,Relacion_de_dependencia,0
46,106751.0,39138,5.67,9.0,637.0,29769,1,No,Casado,Secundaria,Relacion_de_dependencia,0
35,114131.0,49938,12.27,3.0,470.0,24059,2,No,Soltero,Universitario,Relacion_de_dependencia,0
30,42306.0,1125,19.65,8.0,766.0,28663,1,No,Soltero,Universitario,Desempleado,1
47,100451.0,46272,21.41,12.0,442.0,24648,5,Si,Soltero,Universitario,Autonomo,1
23,54915.0,24857,11.26,13.0,500.0,14643,2,Si,Soltero,Universitario,Autonomo,0
41,52219.0,16398,20.97,9.0,N/A,198,5,No,Soltero,Universitario,Desempleado,0
49,95879.0,7638,24.36,5.0,663.0,27777,3,No,Divorciado,Posgrado,Autonomo,0
28,79644.0,7570,22.14,15.0,778.0,26357,5,No,Casado,Secundaria,Relacion_de_dependencia,0
29,75279.0,4249,7.35,5.0,770.0,16955,3,Si,Casado,,Relacion_de_dependencia,0
56,68028.0,10110,19.79,16.0,683.0,17174,2,Si,Casado,Secundaria,Autonomo,0
35,119263.0,41363,11.39,9.0,716.0,9830,3,No,Soltero,Universitario,Relacion_de_dependencia,0
38,15126.0,14605,24.77,17.0,607.0,26407,2,Si,divorciado,Universitario,Relacion_de_dependencia,1
57,67329.0,13115,14.71,26.0,666.0,26431,2,No,Soltero,Secundaria,Relacion_de_dependencia,0
61,,40062,7.45,21.0,300.0,13798,4,No,Soltero,,Desempleado,1
25,80310.0,23911,19.5,17.0,343.0,17558,2,No,Casado,,Relacion_de_dependencia,0
23,70176.0,39525,11.46,2.0,397.0,28316,3,No,Soltero,Universitario,Autonomo,1
27,101066.0,33556,24.94,19.0,564.0,11469,4,No,Casado,Universitario,Relacion_de_dependencia,0
63,59327.0,13595,24.6,26.0,,178,4,No,Soltero,Universitario,Autonomo,0
25,83904.0,2969,18.12,20.0,,18628,2,No,Casado,Secundaria,Relacion_de_dependencia,0
50,18797.0,44753,7.6,24.0,536.0,20470,5,Si,Casado,Posgrado,Autonomo,1
39,,18275,18.74,27.0,371.0,17118,5,No,Soltero,Universitario,Relacion_de_dependencia,1
47,28718.0,5470,6.86,14.0,489.0,22616,4,Si,Casado,Secundaria,Autonomo,0
55,49560.0,11225,5.59,14.0,567.0,798,2,No,Soltero,,Relacion_de_dependencia,0
31,91589.0,43324,21.46,3.0,620.0,7601,5,No,Casado,Universitario,Relacion_de_dependencia,0
57,37116.0,42974,9.2,28.0,406.0,25363,2,Si,Soltero,Posgrado,Relacion_de_dependencia,0
35,51244.0,43759,12.58,26.0,531.0,2795,2,Si,Casado,Posgrado,Relacion_de_dependencia,0
52,116721.0,24196,24.47,8.0,341.0,12496,4,No,Casado,Universitario,Relacion_de_dependencia,0
36,16645.0,41287,11.74,26.0,438.0,4588,4,Si,Soltero,posgrado,Relacion_de_dependencia,0
29,62523.0,14669,10.93,25.0,572.0,7297,1,No,Divorciado,Secundaria,Autonomo,0
35,34256.0,38380,23.36,18.0,780.0,3084,5,No,Divorciado,Secundaria,Autonomo,0
44,116376.0,46141,7.21,23.0,715.0,11110,5,Si,Casado,Posgrado,Relacion_de_dependencia,0
61,115158.0,49320,20.19,27.0,805.0,731,5,Si,Casado,Universitario,Autonomo,0
42,68173.0,48414,24.76,16.0,723.0,1129,3,Si,Soltero,Universitario,Relacion_de_dependencia,0
37,52430.0,39006,23.03,10.0,706.0,28022,2,Si,Casado,Universitario,Relacion_de_dependencia,1
39,54282.0,16577,18.03,24.0,689.0,1605,4,No,Soltero,Posgrado,Relacion_de_dependencia,0
45,78374.0,23473,11.28,8.0,641.0,11970,5,Si,Soltero,Universitario,Relacion_de_dependencia,0
47,83244.0,29625,10.09,9.0,792.0,10937,1,Si,Divorciado,Posgrado,Relacion_de_dependencia,0
46,26694.0,16504,21.39,17.0,491.0,11362,5,Si,Casado,Universitario,Desempleado,1
62,71264.0,25089,22.6,19.0,798.0 pts,29265,2,Si,Casado,Secundaria,Relacion_de_dependencia,1
50,90060.0,37487,15.51,12.0,532.0,2933,2,Si,Soltero,Posgrado,Relacion_de_dependencia,0
36,112416.0,1302,9.89,,526.0,15187,4,No,Casado,Secundaria,Relacion_de_dependencia,0
22,72545.0,32463,7.26,6.0,670.0,25791,3,No,Soltera,Posgrado,Autonomo,0
46,54224.0,45912,6.74,16.0,438.0,24900,4,Si,Soltero,Universitario,Relacion_de_dependencia,1
28,117516.0,30259,19.38,20.0,N/A,5074,5,Si,Soltero,Universitario,Autonomo,0
30,112945.0,43823,13.4,22.0,414.0,14037,1,No,Casado,Universitario,Desempleado,1
45,28224.0,38208,23.11,14.0,749.0,26426,4,Si,Casado,Secundaria,Desempleado,1
22,55738.0,31659,19.79,19.0,362.0,7099,3,No,Soltero,Secundaria,Autonomo,0
29,40150.0,36840,8.83,14.0,403.0,17874,4,No,Casado,Posgrado,Relacion_de_dependencia,0
45,78731.0,32890,17.28,0.0,572.0,893,2,Si,Soltero,Posgrado,Autonomo,0
32,64688.0,14598,13.71,24.0,305.0,1390,5,No,Casado,Universitario,Relacion_de_dependencia,0
38,114929.0,48055,16.54,13.0,446.0,19773,5,Si,divorciado,Posgrado,Autonomo,1
29,88509.0,47733,19.76,4.0,483.0,4239,5,Si,Casado,Posgrado,Autonomo,0
56,23577.0,20508,21.12,10.0,327.0,20863,5,No,Divorciado,Universitario,Autonomo,1
56,23070.0,43287,21.87,15.0,849.0,18647,5,No,Divorciado,Secundaria,Relacion_de_dependencia,0
54,,14380,10.08,1.0,418.0,3432,5,Si,Casado,Posgrado,Relacion_de_dependencia,0
26,72761.0,27984,5.62,7.0,592.0,2371,1,No,Casado,Universitario,Desempleado,0
63,51368.0,45633,19.79,10.0,670.0,27662,3,Si,DIVORCIADO,Posgrado,Relacion_de_dependencia,0
60,21783.0,9125,7.13,28.0,543.0,20696,5,No,Soltero,Post-grado,Relacion_de_dependencia,0
62,56914.0,37059,11.3,17.0,517.0,1515,3,No,Soltero,,Relacion_de_dependencia,0
49,,5033,5.08,2.0,476.0,15906,5,Si,DIVORCIADO,Universitario,Desempleado,0
28,94026.0,38873,18.63,29.0,,6326,4,Si,Casado,Secundaria,Relacion_de_dependencia,0
30,82526.0,18087,8.34,25.0,357.0,14605,5,Si,Soltero,Universitario,Relacion_de_dependencia,0
29,85835.0,41901,18.11,0.0,N/A,23472,2,No,Casado,Universitario,Relacion_de_dependencia,1
33,60765.0,6704,24.83,10.0,607.0,5586,1,Si,Casado,Secundaria,Relacion_de_dependencia,0
55,34956.0,8848,6.45,15.0,587.0,2917,4,Si,Casado,Universitario,Desempleado,0
54,102895.0,22592,6.54,17.0,404.0,22115,4,No,Casado,Universitario,Autonomo,0
44,61240.0,46743,11.81,,,24070,2,No,Casado,Posgrado,Autonomo,0
45,52148.0,7924,22.33,15.0,,15901,5,Si,Casado,Secundaria,Relacion_de_dependencia,0
58,,28208,9.31,22.0,,26928,1,Si,Casado,Universitario,Autonomo,0
56,19757.0,20614,12.21,9.0,382.0,17551,4,Si,Casado,Secundaria,Relacion_de_dependencia,1
61,34097.0,1488,6.37,17.0,,24686,1,Si,Casado,Secundaria,Relacion_de_dependencia,0
43,25395.0,40882,20.26,5.0,551.0,21493,4,No,Casado,Secundaria,Relacion_de_dependencia,0
48,31241.0,26923,0.0,18.0,654.0,20711,5,No,Soltero,Universitario,Relacion_de_dependencia,1
56,,49508,20.18,3.0,509.0,22194,4,Si,Casado,,Relacion_de_dependencia,1
22,42696.0,36941,23.07,26.0,746.0,20039,4,Si,Divorciado,Universitario,Relacion_de_dependencia,0
56,85480.0,30165,9.66,12.0,759.0,3793,3,Si,Soltero,Secundaria,Relacion_de_dependencia,0
58,61163.0,2667,21.15,23.0,771.0,9947,5,No,Soltero,Posgrado,Relacion_de_dependencia,1
35,34816.0,27213,6.18,13.0,669.0,15859,2,Si,Casado,posgrado,Autonomo,1
24,64840.0,5114,22.98,2.0,791.0,23122,2,Si,Casado,Posgrado,Relacion_de_dependencia,0
22,117547.0,37321,18.02,9.0,436.0,1577,5,No,Soltero,Posgrado,Desempleado,1
26,67853.0,8761,22.48,5.0,666.0,9488,2,No,Soltero,Posgrado,Relacion_de_dependencia,0
47,39917.0,32116,5.0,0.0,483.0,28350,5,Si,Soltero,Posgrado,Autonomo,1
35,111731.0,34768,8.38,22.0,586.0,18604,2,Si,Casado,Universitario,Autonomo,0
60,36566.0,49406,12.8,23.0,771.0,9164,3,No,Soltero,Secundaria,Desempleado,1
48,90452.0,26426,12.59,26.0,674.0,1030,2,Si,Soltero,Secundaria,Autonomo,0
30,,18772,9.53,13.0,836.0,15881,4,Si,CASADO,SECUNDARIA,Relacion_de_dependencia,0
36,35806.0,39218,12.63,7.0,810.0,10785,5,No,divorciado,Universitario,Relacion_de_dependencia,0
36,90520.0,4712,7.58,,549.0,6691,1,No,Casado,Universitario,Relacion_de_dependencia,0
47,16759.0,2367,13.26,13.0,809.0,20376,1,No,Soltero,Posgrado,Relacion_de_dependencia,1
63,56949.0,41957,21.05,9.0,372.0,29189,5,Si,Casado,Posgrado,Relacion_de_dependencia,1
34,107374.0,42781,14.58,16.0,581.0,17297,3,No,Divorciado,Universitario,Autonomo,0
53,17482.0,27200,5.36,8.0,659.0,6358,2,No,Casado,Universitario,Relacion_de_dependencia,0
60,39442.0,4726,13.43,28.0,309.0,18565,3,Si,Divorciado,Posgrado,Relacion_de_dependencia,0
53,48719.0,24616,5.54,5.0,510.0,19581,1,Si,Casado,Secundaria,Desempleado,0
25,73066.0,28723,24.32,10.0,451.0,22424,5,No,SOLTERO,Universitario,Autonomo,0
51,108501.0,38574,7.55,24.0,304.0,1462,5,No,Casado,Secundaria,Autonomo,0
58,17079.0,35958,19.15,6.0,494.0,15511,3,Si,Soltero,Universitario,Autonomo,1
44,17717.0,10108,24.46,16.0,582.0,10570,3,Si,Casado,Secundaria,Relacion_de_dependencia,1
60,74676.0,13178,21.52,27.0,763.0,15897,2,No,Soltero,Posgrado,Relacion_de_dependencia,1
36,42952.0,36643,18.99,27.0,412.0,11646,4,No,Soltero,Universitario,Desempleado,1
64,101444.0,32324,21.79,0.0,,15474,4,Si,Divorciado,Secundaria,Desempleado,1
50,57460.0,39360,24.64,21.0,462.0,7037,2,No,soltero,Secundaria,Autonomo,0
57,105397.0,18824,17.43,,759.0,28129,4,Si,Divorciado,Universitario,Relacion_de_dependencia,0
34,87847.0,46360,16.18,8.0,,9499,1,No,Soltero,Posgrado,Autonomo,0
53,108607.0,9927,17.56,17.0,581.0,21378,4,Si,SOLTERO,Universitario,Relacion_de_dependencia,0
28,104106.0,29144,15.65,23.0,461.0 pts,13386,2,Si,DIVORCIADO,universitario,Relacion_de_dependencia,1
43,33449.0,32010,17.7,26.0,650.0,25765,4,No,CASADO,Universitario,Relacion_de_dependencia,0
49,48536.0,23443,14.0,20.0,733.0,21692,5,No,Casado,Universitario,Relacion_de_dependencia,0
23,79077.0,15437,9.37,1.0,439.0,6221,3,Si,Soltero,Universitario,Relacion_de_dependencia,1
63,53258.0,45298,7.4,28.0,770.0,23474,1,No,Casado,Universitario,Relacion_de_dependencia,0
27,63302.0,40778,6.37,25.0,,7769,5,No,Casado,,Relacion_de_dependencia,1
49,43865.0,12207,10.27,10.0,386.0,17071,5,No,casado,Universitario,Relacion_de_dependencia,0
49,21645.0,26537,5.92,26.0,482.0,14356,2,Si,Casado,Universitario,Autonomo,0
41,53000.0,36757,16.34,27.0,667.0,21045,3,No,Divorciado,,Autonomo,0
51,41737.0,13040,10.68,5.0,428.0,25783,3,No,Casado,POSGRADO,Relacion_de_dependencia,1
32,26485.0,42986,21.49,25.0,545.0,18278,1,Si,Divorciado,Universitario,Relacion_de_dependencia,0
49,53565.0,23612,6.48,,677.0,7389,2,No,Casado,Universitario,Autonomo,0
46,40522.0,29441,9.53,3.0,448.0,4922,1,No,Casado,Secundaria,Relacion_de_dependencia,0
60,80155.0,7471,19.6,17.0,732.0,13639,4,Si,Soltero,Posgrado,Relacion_de_dependencia,0
54,70168.0,36631,16.98,27.0,768.0,22706,5,Si,Soltero,Universitario,Relacion_de_dependencia,0
22,67487.0,44461,6.29,10.0,745.0,10003,1,No,Divorciado,Secundaria,Desempleado,0
48,27342.0,27523,22.54,,780.0,19567,5,No,Soltero,Universitario,Relacion_de_dependencia,0
34,55806.0,32348,22.55,14.0,593.0,20181,2,Si,Soltero,,Relacion_de_dependencia,0
62,63770.0,2177,11.61,27.0,442.0,5178,4,Si,Soltero,secundaria,Relacion_de_dependencia,1
24,,5760,11.81,17.0,549.0,15240,2,No,Soltero,Universitario,Relacion_de_dependencia,0
60,118177.0,33779,24.78,1.0,601.0,26220,4,No,Divorciado,,Relacion_de_dependencia,1
27,114785.0,22636,17.52,21.0,324.0,3968,4,No,divorciado,Secundaria,Relacion_de_dependencia,0
29,90629.0,17353,15.63,10.0,369.0,2716,5,Si,Casada,Secundaria,Relacion_de_dependencia,0
48,,12556,21.76,25.0,411.0,16574,2,No,soltero,Posgrado,Desempleado,0
30,96974.0,28598,10.71,24.0,663.0,13511,2,Si,Casado,Posgrado,Autonomo,0
58,,12563,13.58,12.0,602.0,17719,1,Si,Casado,Secundaria,Autonomo,1
54,100382.0,47819,150.0,3.0,770.0,8181,2,Si,Divorciado,,Autonomo,0
63,96244.0,44790,20.78,21.0,,12995,1,No,Casado,Universitario,Relacion_de_dependencia,1
45,91534.0,9234,16.47,6.0,829.0,11298,3,No,Soltero,Universitario,Autonomo,0
36,70106.0,26519,18.18,28.0,,16762,3,No,Casado,Universitario,Relacion_de_dependencia,1
53,45678.0,27966,10.05,10.0,541.0,29058,3,Si,Divorciado,Posgrado,Relacion_de_dependencia,1
53,91218.0,17173,9.4,21.0,437.0,20213,2,No,Casada,Universitario,Autonomo,0
45,78230.0,27987,14.77,23.0,644.0,6380,2,Si,Casado,,Autonomo,0
62,89055.0,14178,19.75,3.0,,615,1,Si,Soltero,Posgrado,Autonomo,0
33,71373.0,40338,15.5,27.0,802.0,18714,4,Si,Casado,Universitario,Relacion_de_dependencia,0
60,46480.0,25596,5.65,14.0,502.0,18138,1,Si,Casado,Secundaria,Desempleado,1
23,100230.0,34174,22.37,0.0,491.0,463,3,Si,Soltero,Universitario,Desempleado,0
24,83836.0,42974,6.29,22.0,304.0,9158,1,Si,Casado,Universitario,Relacion_de_dependencia,0
58,87258.0,5431,24.12,2.0,536.0,20651,4,No,Soltero,Posgrado,Relacion_de_dependencia,0
38,54986.0,28764,5.5,13.0,610.0,3158,2,Si,Soltero,Universitario,Relacion_de_dependencia,0
23,39160.0,22627,18.89,5.0,,20008,1,No,Soltero,Secundaria,Desempleado,1
23,100595.0,40310,6.64,17.0,355.0,13434,3,Si,soltero,Universitario,Relacion_de_dependencia,0
49,116358.0,9906,23.21,,742.0,4938,3,No,Casado,Universitario,Relacion_de_dependencia,0
44,94111.0,37914,14.29,0.0,536.0,5417,2,No,Soltero,Secundaria,Relacion_de_dependencia,0
58,79929.0,45814,7.75,5.0,496.0 pts,22388,1,No,Soltero,Universitario,Relacion_de_dependencia,0
53,88506.0,46379,11.82,5.0,,8881,4,No,Divorciado,Posgrado,Autonomo,0
54,49911.0,14076,8.3,20.0,748.0,27198,2,Si,Casado,Secundaria,Relacion_de_dependencia,0
22,102127.0,38650,8.41,15.0,659.0,5603,1,Si,Casado,Universitario,Desempleado,0
40,46821.0,47881,23.96,28.0,329.0,2212,5,Si,Casado,Universitario,Autonomo,1
23,90039.0,47413,13.9,4.0,407.0,22504,3,Si,Casado,Secundaria,Autonomo,0
47,75535.0,7012,20.78,16.0,744.0,22202,4,No,Soltero,Universitario,Relacion_de_dependencia,0
53,99458.0,8151,17.79,9.0,737.0,16766,4,No,Casado,Universitario,Relacion_de_dependencia,0
27,27175.0,29211,18.53,27.0,756.0,18640,4,No,Soltero,Posgrado,Relacion_de_dependencia,0
53,69771.0,28117,7.63,20.0,794.0,28386,3,Si,Casado,Secundaria,Relacion_de_dependencia,0
25,101925.0,37378,9.68,17.0,546.0,11695,1,No,Soltero,Universitario,Relacion_de_dependencia,0
32,81358.0,43652,20.74,6.0,842.0,17796,2,Si,Casado,Secundaria,Desempleado,0
38,32327.0,7894,24.42,2.0,738.0,9775,1,No,Casado,Posgrado,Relacion_de_dependencia,0
-1,0.0,14467,10.25,12.0,577.0,14559,2,No,Casado,Universitario,Relacion_de_dependencia,0
45,21150.0,32010,10.43,14.0,410.0,6146,4,No,Soltero,Universitario,Relacion_de_dependencia,1
26,19425.0,43641,14.46,19.0,,371,1,No,Casado,Secundaria,Relacion_de_dependencia,0
999,31032.0,13289,24.68,,490.0,22190,4,No,Divorciado,Universitario,Desempleado,1
27,17198.0,45976,10.38,,,5565,5,Si,Casado,Secundaria,Relacion_de_dependencia,0
43,75500.0,44596,13.14,3.0,725.0,8802,4,No,Soltero,Posgrado,Relacion_de_dependencia,0
32,68394.0,24171,22.83,4.0,704.0,8307,4,Si,Soltero,Univ.,Autonomo,0
37,35079.0,35905,5.06,0.0,634.0,7437,2,Si,Divorciado,Universitario,Relacion_de_dependencia,0
54,51220.0,21829,5.8,3.0,508.0,446,5,Si,Casado,Universitario,Relacion_de_dependencia,0
30,56874.0,35054,17.08,11.0,321.0,1391,4,Si,Casado,Universitario,Relacion_de_dependencia,0
27,28859.0,49478,23.15,27.0,507.0,11516,4,Si,Divorciado,Universitario,Relacion_de_dependencia,0
37,65460.0,45139,9.78,26.0,307.0,17724,5,Si,Divorciado,Universitario,Relacion_de_dependencia,1
50,46419.0,49713,14.39,23.0,,29086,5,Si,Casado,Universitario,Relacion_de_dependencia,1
24,23705.0,30734,14.01,9.0,465.0,15454,1,Si,Casado,Universitario,Autonomo,1
41,,8052,14.46,22.0,795.0,19323,2,No,Soltero,Universitario,Relacion_de_dependencia,0
57,38236.0,4654,17.45,24.0,728.0,29719,5,No,Casado,secundaria,Autonomo,0
40,102955.0,24486,14.39,20.0,462.0,11891,5,Si,Soltero,Post-grado,Autonomo,0
47,100514.0,19743,13.95,28.0,665.0,14998,3,Si,Soltero,Universitario,Relacion_de_dependencia,0
24,118145.0,49368,14.49,25.0,825.0,5969,5,Si,Soltero,Universitario,Relacion_de_dependencia,0
40,30358.0,25489,16.82,19.0,538.0,9265,2,No,Soltero,Posgrado,Relacion_de_dependencia,0
41,114713.0,9636,15.74,23.0,371.0,15861,4,No,Casado,Secundaria,Autonomo,1
53,109914.0,7441,22.08,24.0,744.0,21197,4,Si,Casado,Posgrado,Relacion_de_dependencia,0
28,117870.0,25611,5.99,12.0,808.0,19953,4,Si,Casado,Posgrado,Autonomo,0
62,91918.0,43435,21.67,22.0,568.0,5454,4,No,Soltero,Posgrado,Relacion_de_dependencia,0
54,29596.0,13149,21.88,13.0,714.0,3150,3,No,Divorciado,Posgrado,Desempleado,0
61,48572.0,35566,10.7,22.0,544.0,26181,5,Si,soltero,Universitario,Relacion_de_dependencia,1
60,93757.0,43368,14.26,4.0,359.0,15386,4,Si,Casado,Secundaria,Relacion_de_dependencia,1
39,16279.0,22675,13.77,3.0,,6414,1,Si,Divorciado,Universitario,Relacion_de_dependencia,1
61,78197.0,6495,9.37,13.0,706.0,4657,4,Si,Casado,Universitario,Relacion_de_dependencia,0
22,77516.0,43668,12.94,,516.0,23331,5,No,Casado,Secundaria,Relacion_de_dependencia,0
32,22083.0,14673,5.89,16.0,325.0,10486,4,No,Divorciado,Universitario,Autonomo,0
49,32771.0,12130,10.56,,304.0,24327,3,Si,Soltero,Universitario,Autonomo,1
46,44975.0,23668,21.33,25.0,,20046,2,Si,Casado,Posgrado,Autonomo,0
44,60648.0,16222,10.69,6.0,689.0,20866,2,Si,Casado,Posgrado,Relacion_de_dependencia,0
52,63285.0,24669,21.36,15.0,747.0,21181,5,No,Soltero,Post-grado,Relacion_de_dependencia,0
51,34063.0,35068,15.63,0.0,,14894,2,Si,Casado,Universitario,Relacion_de_dependencia,1
63,82642.0,24253,22.6,16.0,687.0 pts,21452,2,Si,Divorciado,Posgrado,Relacion_de_dependencia,0
56,105093.0,10435,16.5,20.0,548.0,5480,1,Si,Casado,Posgrado,Relacion_de_dependencia,0
28,101143.0,29552,5.59,28.0,825.0,8033,5,No,Soltero,Universitario,Relacion_de_dependencia,0
37,52599.0,38384,18.51,,761.0,983,5,Si,Soltero,Secundaria,Relacion_de_dependencia,0
47,,17393,5.9,5.0,312.0,21991,2,No,Casado,Post-grado,Relacion_de_dependencia,0
23,43529.0,11617,14.01,18.0,683.0,8543,2,Si,Soltero,Posgrado,Relacion_de_dependencia,0
22,50954.0,39520,23.59,12.0,698.0,9916,2,Si,Casado,Universitario,Desempleado,0
33,42856.0,10852,-5.0,2.0,318.0,10143,3,Si,Casado,Secundaria,Relacion_de_dependencia,0
26,17573.0,32401,12.8,6.0,790.0,25855,4,No,Casado,Universitario,Desempleado,0
58,93344.0,7295,19.6,21.0,718.0,15581,3,Si,CASADO,Secundaria,Autonomo,0
53,50367.0,36993,22.65,8.0,636.0,1907,5,Si,Casado,,Relacion_de_dependencia,0
30,117337.0,35084,18.42,21.0,718.0,29424,1,No,Soltero,Posgrado,Relacion_de_dependencia,0
62,114608.0,46105,10.16,4.0,421.0,23308,4,No,Soltero,Secundaria,Relacion_de_dependencia,0
56,75774.0,40575,18.49,9.0,,9216,1,No,Casado,Universitario,Autonomo,0
40,38752.0,37451,10.93,22.0,343.0,8737,5,Si,Casado,Secundaria,Relacion_de_dependencia,0
37,70029.0,8227,19.37,16.0,616.0,13757,5,No,Casado,Universitario,Desempleado,0
24,32685.0,32910,24.08,11.0,680.0,4174,1,Si,Casado,Universitario,Relacion_de_dependencia,0
41,66693.0,37041,19.43,,444.0,29931,1,No,Divorciado,Universitario,Autonomo,1
45,,24384,22.26,,626.0,26957,1,No,Soltero,Universitario,Autonomo,0
54,91908.0,1145,5.04,2.0,662.0,25464,5,No,Soltero,Secundaria,Relacion_de_dependencia,0
45,89532.0,38778,19.35,29.0,349.0,15708,2,Si,Soltero,Universitario,Relacion_de_dependencia,1
32,96994.0,17035,21.59,24.0,,23649,1,Si,Casado,Secundaria,Relacion_de_dependencia,0
29,71133.0,4040,5.81,21.0,654.0,9297,4,Si,Casado,Universitario,Relacion_de_dependencia,0
57,112425.0,43422,22.43,8.0,463.0,27125,5,Si,Casado,Secundaria,Relacion_de_dependencia,0
59,76268.0,27160,10.13,28.0,440.0,1990,3,Si,Casado,Universitario,Autonomo,0
61,107201.0,18633,18.31,14.0,427.0,5596,3,Si,Divorciado,Posgrado,Relacion_de_dependencia,1
41,53243.0,30344,21.01,4.0,697.0,16374,4,Si,DIVORCIADO,Posgrado,Desempleado,0
56,72384.0,18014,18.25,22.0,762.0,20382,2,Si,Soltero,Posgrado,Autonomo,0
46,46653.0,15996,6.85,12.0,486.0,3775,1,Si,Casado,Posgrado,Relacion_de_dependencia,0
56,41657.0,42621,16.93,13.0,489.0,27388,5,No,Casado,Secundaria,Desempleado,0
46,54952.0,12695,15.99,19.0,687.0,25496,1,No,Soltero,Secundaria,Relacion_de_dependencia,0
50,37180.0,3852,23.01,14.0,728.0,21029,5,Si,Casado,Universitario,Autonomo,0
39,112432.0,17014,13.08,15.0,583.0,18445,3,Si,Casado,Posgrado,Relacion_de_dependencia,0
39,,28042,11.42,22.0,536.0,20871,1,Si,Soltero,Posgrado,Relacion_de_dependencia,0
23,16622.0,34755,20.0,12.0,493.0,15706,4,Si,Casado,Secundaria,Relacion_de_dependencia,0
56,63756.0,41390,13.25,16.0,,14645,2,No,Casado,,Relacion_de_dependencia,0
37,55809.0,24711,17.92,22.0,435.0,13668,4,No,Soltero,Secundaria,Relacion_de_dependencia,0
62,31725.0,27122,17.93,7.0,470.0,29645,2,Si,Casado,Universitario,Relacion_de_dependencia,1
57,76396.0,10160,22.76,20.0,458.0,15960,1,No,Soltero,Universitario,Relacion_de_dependencia,0
54,,28213,16.97,1.0,500.0,28215,1,No,Casado,Secundaria,Desempleado,0
25,96182.0,40420,15.04,4.0,,11357,2,Si,Soltero,Universitario,Relacion_de_dependencia,0
54,97565.0,8421,7.78,5.0,803.0,4435,3,Si,Divorciado,Universitario,Relacion_de_dependencia,0
35,44402.0,22400,7.31,11.0,670.0,19028,5,Si,Casado,Universitario,Autonomo,0
42,19263.0,34537,8.09,17.0,402.0,15804,4,Si,Soltero,Secundaria,Autonomo,0
41,111523.0,18727,8.44,29.0,424.0,29428,4,No,Casado,Posgrado,Desempleado,0
29,61828.0,47882,17.76,21.0,612.0,17429,4,Si,Casado,Universitario,Relacion_de_dependencia,0
28,62924.0,5358,19.82,21.0,757.0,14626,1,No,Casado,Posgrado,Relacion_de_dependencia,0
24,89182.0,29482,15.6,,529.0,28132,4,Si,Casado,Posgrado,Relacion_de_dependencia,0
38,108065.0,33117,21.58,29.0,496.0,7951,5,No,Casado,Secundaria,Relacion_de_dependencia,1
54,74052.0,24164,24.83,16.0,722.0,6449,5,Si,Soltero,Secundaria,Autonomo,0
33,26664.0,32910,21.4,29.0,470.0,19065,2,Si,Soltero,UNIVERSITARIO,Relacion_de_dependencia,0
43,,33496,18.9,10.0,681.0,3199,1,No,casado,Secundaria ,Desempleado,0
43,116332.0,45311,15.65,9.0,472.0,6768,5,No,Casado,Posgrado,Relacion_de_dependencia,1
51,104563.0,30371,13.98,18.0,,9130,3,No,Soltero,Universitario,Desempleado,0
59,44373.0,39467,6.69,13.0,,23824,1,Si,Casado,Posgrado,Relacion_de_dependencia,0
59,51397.0,18625,12.99,25.0,793.0,29519,1,No,SOLTERO,Secundaria,Autonomo,0
29,101145.0,34893,23.2,9.0,303.0,8633,5,No,Casado,Universitario,Desempleado,0
48,116371.0,11793,21.16,,392.0,18934,3,No,Soltero,Universitario,Desempleado,1
48,53709.0,32007,9.32,27.0,,4225,2,No,Soltero,Secundaria,Relacion_de_dependencia,1
55,76120.0,26766,14.33,18.0,587.0,16980,5,No,Divorciado,Universitario,Relacion_de_dependencia,0
42,34250.0,40532,21.33,3.0,445.0,6054,3,No,Soltero,Posgrado,Autonomo,0
51,,13323,6.35,1.0,723.0,1505,1,No,Casado,Universitario,Relacion_de_dependencia,0
54,26555.0,46799,12.75,8.0,756.0,9053,3,No,Soltero,Universitario,Relacion_de_dependencia,0
49,102410.0,47820,22.04,9.0,501.0,15749,1,No,Casado,Secundaria,Relacion_de_dependencia,0
54,93617.0,46408,13.08,27.0,511.0,10832,5,Si,Divorciado,Univ.,Relacion_de_dependencia,0
26,68276.0,8843,6.55,10.0,305.0,29670,5,Si,Soltero,Posgrado,Relacion_de_dependencia,0
40,72492.0,15210,15.85,13.0,675.0,16344,4,No,Casado,Post-grado,Relacion_de_dependencia,0
25,68002.0,17456,22.23,6.0,746.0,22852,4,Si,Casado,Universitario,Relacion_de_dependencia,0
56,104599.0,32367,16.81,22.0,405.0,23620,4,Si,Casado,Posgrado,Relacion_de_dependencia,1
38,87355.0,11106,9.53,14.0,700.0,28307,5,No,Casado,Universitario,Relacion_de_dependencia,0
49,,38957,12.68,21.0,,14783,2,No,Divorciado,Secundaria,Relacion_de_dependencia,0
51,39762.0,3472,14.0,18.0,,1551,5,No,Soltero,secundaria,Relacion_de_dependencia,0
50,26046.0,7704,16.59,21.0,751.0,15154,3,No,Soltero,Posgrado,Desempleado,1
27,111999.0,4713,20.19,14.0,,27812,5,No,divorciado,Secundaria,Desempleado,0
56,43769.0,6051,6.98,29.0,,13799,5,No,Casado,Universitario,Desempleado,1
62,68302.0,11756,22.79,27.0,,26312,1,Si,Soltero,Universitario,Autonomo,0
58,38150.0,3475,5.25,23.0,590.0,6852,1,No,Casado,Universitario,Relacion_de_dependencia,0
45,83247.0,37378,12.4,7.0,833.0,1449,1,Si,Casado,Universitario,Autonomo,0
50,,5255,5.55,10.0,492.0,22337,5,No,Casado,Secundaria,Relacion_de_dependencia,1
52,109613.0,15484,12.86,28.0,449.0,24840,2,No,Soltero,Secundaria,Relacion_de_dependencia,0
56,104399.0,35503,15.52,8.0,814.0,24426,3,Si,Casado,Universitario,Relacion_de_dependencia,0
54,,9258,15.23,14.0,692.0,2659,3,No,Soltero,UNIVERSITARIO,Relacion_de_dependencia,0
42,74129.0,41747,8.31,0.0,615.0,7509,2,No,Casado,Universitario,Relacion_de_dependencia,0
53,89478.0,36196,17.91,29.0,375.0,24277,2,Si,Casado,,Relacion_de_dependencia,1
44,82298.0,46113,5.9,0.0,569.0,23829,3,No,Casado,Secundaria,Autonomo,0
54,46987.0,41194,20.24,18.0,524.0,2721,4,Si,Soltero,Posgrado,Relacion_de_dependencia,0
24,30850.0,9533,23.93,2.0,829.0,26038,1,No,Soltero,,Relacion_de_dependencia,0
39,27112.0,33581,11.8,9.0,412.0,12444,1,No,Casado,Secundaria,Relacion_de_dependencia,1
46,39058.0,6249,15.34,7.0,550.0,9637,3,Si,Casado,Universitario,Relacion_de_dependencia,0
63,60420.0,20201,12.58,14.0,532.0,10490,2,No,Soltero,Posgrado,Relacion_de_dependencia,0
52,53890.0,10686,5.13,9.0,382.0,2925,4,Si,Casado,Posgrado,Desempleado,1
24,81017.0,47877,12.72,0.0,424.0,9824,3,Si,Soltero,Secundaria,Relacion_de_dependencia,0
61,62304.0,33007,20.83,28.0,474.0,26950,1,Si,Soltero,Universitario,Relacion_de_dependencia,1
45,47921.0,1661,16.92,17.0,368.0,23488,5,No,soltero,Secundaria,Relacion_de_dependencia,1
53,16524.0,45843,7.03,,346.0,29566,2,No,Soltero,Secundaria,Relacion_de_dependencia,1
43,115424.0,31137,21.94,18.0,555.0,6240,5,Si,Soltero,Universitario,Autonomo,0
44,,48556,15.62,12.0,329.0,16896,3,No,Casado,Universitario,Relacion_de_dependencia,0
23,50111.0,43828,21.83,21.0,580.0,215,1,No,divorciado,Universitario,Autonomo,0
48,52904.0,49604,16.6,0.0,536.0,7299,4,No,casado,Universitario,Desempleado,0
999,69912.0,11526,16.19,1.0,547.0,11523,5,Si,Soltero,Secundaria,Autonomo,0
23,49008.0,4374,7.11,28.0,667.0,10364,4,No,Soltero,Universitario,Autonomo,0
47,,26592,8.35,15.0,,3153,1,Si,Soltero,Secundaria,Relacion_de_dependencia,0
38,89666.0,29982,24.44,14.0,324.0,23834,5,No,Soltero,Secundaria,Relacion_de_dependencia,1
61,98559.0,1207,9.57,12.0,789.0,1706,4,No,Casado,Universitario,Relacion_de_dependencia,0
54,70337.0,36433,24.55,15.0,793.0,10298,4,Si,Casado,Universitario,Autonomo,0
30,28350.0,24197,15.64,,613.0,1567,5,No,Soltero,,Autonomo,0
64,39354.0,34400,7.72,20.0,674.0,10400,1,Si,Soltero,Universitario,Autonomo,0
60,60186.0,4083,6.99,28.0,324.0,26907,4,No,Soltero,Secundaria,Autonomo,1
50,43145.0,30328,9.18,28.0,633.0,10345,3,Si,Soltero,Secundaria,Relacion_de_dependencia,0
63,,47479,23.51,6.0,654.0,1128,5,No,Casado,Universitario,Relacion_de_dependencia,0
47,101123.0,43891,13.28,23.0,415.0,19894,2,No,Soltero,Secundaria,Relacion_de_dependencia,1
56,90186.0,21103,12.91,25.0,347.0,28899,2,No,casado,Universitario,Desempleado,0
46,100469.0,40891,11.26,16.0,398.0,7867,1,Si,Casado,Secundaria,Autonomo,0
45,35581.0,11754,7.94,6.0,,28229,3,Si,Divorciado,,Autonomo,1
34,103929.0,35447,14.76,12.0,822.0,18749,4,Si,Divorciado,Secundaria,Autonomo,0
28,38051.0,16901,7.6,4.0,,5583,2,No,Casado,,Autonomo,0
57,66474.0,34004,21.71,25.0,513.0,4897,1,Si,Soltero,Universitario,Desempleado,1
41,106748.0,8446,12.41,16.0,802.0,22102,3,Si,Casado,Posgrado,Autonomo,0
22,84626.0,38211,12.5,2.0,747.0,6001,3,Si,Casado,Secundaria,Relacion_de_dependencia,0
29,21960.0,49231,14.48,,557.0,11113,1,Si,Soltero,Universitario,Autonomo,0
37,50772.0,30301,13.88,25.0,420.0,4567,1,Si,Casado,Universitario,Relacion_de_dependencia,0
35,36520.0,27116,24.9,16.0,353.0,9271,4,Si,Divorciado,Universitario,Autonomo,1
33,64481.0,42323,15.91,6.0,,14348,1,Si,Casado,Posgrado,Relacion_de_dependencia,0
44,51408.0,19752,6.76,20.0,540.0,11703,4,Si,Soltero,Secundaria,Relacion_de_dependencia,0
36,,33376,17.14,0.0,829.0,13329,4,Si,Soltero,Posgrado,Autonomo,0
49,72134.0,17669,8.03,16.0,782.0,2741,5,Si,Casado,Universitario,Relacion_de_dependencia,0
55,35491.0,33916,5.62,29.0,486.0,19404,3,No,Soltero,,Desempleado,0
23,16341.0,14395,24.41,16.0,,6256,3,No,Casado,Posgrado,Relacion_de_dependencia,0
53,59623.0,21421,20.47,10.0,663.0,228,3,Si,Casado,Universitario,Relacion_de_dependencia,0
44,105327.0,27342,24.6,24.0,790.0,24746,5,No,Soltero,Universitario,Relacion_de_dependencia,0
43,15338.0,5895,14.56,26.0,730.0,16678,4,No,Divorciado,,Relacion_de_dependencia,0
46,86431.0,12023,15.65,28.0,538.0,4284,4,Si,Casado,Universitario,Relacion_de_dependencia,0
43,27254.0,11699,8.37,2.0,603.0,25001,1,Si,Soltero,Secundaria,Relacion_de_dependencia,0
43,66860.0,10715,9.94,14.0,597.0,13264,5,Si,Casado,Universitario,Relacion_de_dependencia,0
63,,20169,21.77,28.0,,13390,1,No,Casado,secundaria,Relacion_de_dependencia,1
27,16750.0,17163,12.12,20.0,632.0,23185,5,Si,CASADO,Posgrado,Relacion_de_dependencia,0
36,69756.0,6782,21.54,10.0,773.0,918,1,No,Divorciado,Posgrado,Autonomo,0
64,82957.0,23641,19.18,,582.0,11445,2,Si,Casado,Universitario,Relacion_de_dependencia,0
58,73053.0,19792,8.54,27.0,371.0,498,3,No,Divorciado,Universitario,Relacion_de_dependencia,0
54,,36585,15.15,15.0,562.0,2809,3,No,Casado,,Autonomo,0
29,30896.0,31682,18.55,24.0,311.0,4961,4,Si,Casado,Secundaria,Relacion_de_dependencia,0
26,70761.0,48864,9.7,21.0,440.0,9017,2,Si,Divorciado,,Desempleado,0
60,77552.0,19880,21.61,27.0,,3779,3,No,Casado,Secundaria,Autonomo,0
25,92454.0,39067,15.9,8.0,,10050,4,No,Soltero,UNIVERSITARIO,Autonomo,0
27,105600.0,43685,8.3,23.0,552.0,2118,2,Si,Casado,Posgrado,Relacion_de_dependencia,0
53,42935.0,19073,16.66,23.0,764.0,6391,3,Si,Casado,Posgrado,Autonomo,0
51,52641.0,37035,24.99,0.0,675.0,145,1,No,Soltero,Universitario,Autonomo,0
56,44711.0,38174,8.01,28.0,819.0,13929,5,Si,Divorciado,Universitario,Relacion_de_dependencia,0
61,85342.0,25837,21.34,24.0,389.0,24326,2,No,Soltero,Universitario,Relacion_de_dependencia,1
37,27182.0,18826,9.15,21.0,474.0,29991,4,Si,Soltero,Posgrado,Relacion_de_dependencia,1
34,102833.0,25981,20.65,15.0,375.0,14917,2,Si,Divorciado,,Autonomo,1
63,71276.0,11382,19.69,8.0,699.0,4565,4,Si,Casado,Universitario,Relacion_de_dependencia,0
51,34541.0,5437,11.01,18.0,370.0,28153,2,No,Soltero,Secundaria,Autonomo,0
40,109457.0,6435,11.52,11.0,479.0,16576,4,Si,casado,Secundaria,Relacion_de_dependencia,1
38,97310.0,25819,20.85,18.0,423.0,21571,3,No,Casado,Universitario,Autonomo,0
40,59813.0,37875,14.23,21.0,680.0,6637,1,Si,Soltero,POSGRADO,Relacion_de_dependencia,0
49,52198.0,32982,19.62,8.0,592.0,28464,3,No,Divorciado,Posgrado,Relacion_de_dependencia,0
47,23820.0,34328,7.96,6.0,494.0,8243,1,No,Casado,Posgrado,Relacion_de_dependencia,0
58,39070.0,13329,22.05,13.0,527.0,2410,3,Si,Casado,Universitario,Relacion_de_dependencia,0
47,84768.0,26169,19.22,28.0,730.0,1820,3,No,Casado,Universitario,Relacion_de_dependencia,1
44,26122.0,22932,23.14,18.0,735.0,19348,2,No,Casado,Posgrado,Relacion_de_dependencia,0
30,95559.0,35594,7.65,,760.0,2521,5,No,Soltero,Universittario,Relacion_de_dependencia,0
33,88543.0,12421,16.86,1.0,320.0,26445,4,No,Soltero,Universitario,Desempleado,1
22,98441.0,46033,16.98,8.0,363.0,18952,4,Si,Casado,Universitario,Autonomo,0
22,56786.0,8629,12.07,12.0,464.0,5882,4,Si,Casado,Posgrado,Relacion_de_dependencia,1
55,109934.0,9325,14.17,14.0,326.0,1867,1,Si,Soltero,Secundaria,Relacion_de_dependencia,1
53,114804.0,29495,5.76,,610.0,7465,4,No,Casado,Posgrado,Relacion_de_dependencia,0
46,21737.0,32750,19.92,10.0,584.0,23986,4,No,Casado,Secundaria,Autonomo,0
61,51062.0,30619,15.99,20.0,580.0,27314,2,Si,Soltero,Universitario,Relacion_de_dependencia,0
22,69237.0,41461,6.15,13.0,463.0,11461,3,Si,Soltera,,Relacion_de_dependencia,1
37,,9264,18.62,29.0,523.0,19583,4,No,Soltero,,Relacion_de_dependencia,1
60,40510.0,13686,14.34,24.0,445.0,27155,5,Si,Casado,Universitario,Autonomo,1
26,34426.0,47484,5.69,7.0,329.0,6103,4,Si,Soltero,Post-grado,Relacion_de_dependencia,1
43,52265.0,25226,-5.0,17.0,344.0,12197,1,No,Casado,Universitario,Autonomo,0
50,32850.0,7721,23.98,18.0,770.0 pts,29511,1,Si,Casado,Secundaria,Relacion_de_dependencia,1
24,81150.0,21609,15.26,,333.0,15424,1,No,Casado,Universitario,Relacion_de_dependencia,0
0,102312.0,8373,6.87,1.0,726.0,16053,4,Si,Soltero,Secundaria,Relacion_de_dependencia,1
47,104613.0,39675,20.09,7.0,,240,2,No,Casado,Secundaria,Relacion_de_dependencia,1
37,89910.0,49895,14.84,21.0,833.0,19824,5,No,Casado,universitario,Relacion_de_dependencia,0
58,67375.0,29937,11.05,5.0,666.0,4631,4,No,Divorciado,Posgrado,Relacion_de_dependencia,0
43,50435.0,6656,14.83,11.0,849.0,9599,2,No,Divorciado,Universitario,Relacion_de_dependencia,0
50,111443.0,9984,15.45,14.0,415.0,11694,2,No,Casado,Universitario,Relacion_de_dependencia,1
35,72132.0,30984,16.25,,538.0,28614,4,Si,Casado,Universitario,Relacion_de_dependencia,0
49,93945.0,9286,13.82,7.0,634.0,24658,4,Si,Soltero,Secundaria,Desempleado,0
26,97050.0,6901,17.12,3.0,740.0,5077,2,Si,Soltero,Posgrado,Relacion_de_dependencia,0
51,110402.0,32552,23.37,,447.0,3768,2,No,Soltero,Universitario,Relacion_de_dependencia,1
26,17983.0,26709,12.25,27.0,308.0,9142,2,Si,Casado,Posgrado,Relacion_de_dependencia,1
33,112241.0,32055,19.51,19.0,587.0,7995,4,No,Soltero,Secundaria,Relacion_de_dependencia,0
37,,38685,22.89,24.0,687.0,25186,2,No,Soltero,Secundaria ,Relacion_de_dependencia,0
47,38510.0,9429,14.12,16.0,349.0,29245,1,Si,divorciado,Posgrado,Relacion_de_dependencia,0
47,93187.0,15716,13.87,12.0,,22813,4,No,Soltero,Universittario,Relacion_de_dependencia,0
42,55998.0,49563,17.04,,577.0,13276,1,Si,Soltero,Secundaria,Relacion_de_dependencia,0
60,71846.0,12138,16.83,1.0,N/A,19989,3,No,Soltero,Secundaria,Autonomo,0
57,109071.0,36298,21.13,12.0,N/A,12746,4,No,Casado,Posgrado,Relacion_de_dependencia,0
54,21640.0,24429,14.53,12.0,446.0,11475,3,Si,Casado,Universitario,Relacion_de_dependencia,0
51,59547.0,6772,24.92,21.0,789.0,18557,2,No,Soltero,Universitario,Relacion_de_dependencia,0
58,69620.0,49244,6.19,14.0,,28060,2,Si,Casado,Universitario,Relacion_de_dependencia,0
44,30317.0,49519,5.06,19.0,458.0,26098,5,No,Casado,Universitario,Autonomo,1
31,22564.0,36732,17.8,28.0,683.0,6568,2,Si,Casado,Posgrado,Relacion_de_dependencia,0
26,999999.0,40905,10.97,26.0,462.0,2601,3,No,Divorciado,Secundaria,Relacion_de_dependencia,1
57,109223.0,18347,9.81,9.0,740.0,19041,2,Si,Casado,Universitario,Relacion_de_dependencia,0
55,94273.0,17920,11.24,28.0,,6080,4,Si,Casado,Posgrado,Relacion_de_dependencia,1
52,89859.0,32822,10.12,2.0,,13854,2,No,Soltero,Secundaria,Autonomo,0
31,95765.0,47659,5.62,18.0,638.0,23709,5,Si,Soltero,Universitario,Relacion_de_dependencia,0
40,89038.0,41108,24.43,2.0,480.0,2159,2,No,Soltera,Universitario,Relacion_de_dependencia,1
53,67393.0,24563,9.41,21.0,587.0,27025,3,No,Casado,Universitario,Relacion_de_dependencia,1
22,81081.0,8967,19.68,13.0,486.0,20214,3,Si,Casado,Universitario,Relacion_de_dependencia,1
26,117650.0,46183,20.25,7.0,437.0,8313,2,Si,Casado,Universitario,Relacion_de_dependencia,0
25,44430.0,12871,23.59,26.0,429.0,4368,3,Si,Soltero,Universitario,Relacion_de_dependencia,0
37,90532.0,29763,5.61,22.0,493.0,1317,3,Si,Casado,Universitario,Autonomo,1
45,42788.0,12916,22.44,29.0,615.0,20877,5,Si,Divorciado,Universitario,Relacion_de_dependencia,0
37,110505.0,9734,15.54,3.0,443.0,27094,4,No,Casado,Secundaria,Relacion_de_dependencia,1
23,63543.0,34613,17.65,26.0,315.0,13272,5,Si,Casado,Universitario,Relacion_de_dependencia,0
49,28919.0,29179,17.89,27.0,601.0,1230,1,No,Casado,Post-grado,Relacion_de_dependencia,0
53,84346.0,36262,21.4,,,17517,5,Si,Divorciado,Universitario,Relacion_de_dependencia,0
48,,13677,11.67,10.0,544.0,23991,2,Si,Casado,Universitario,Desempleado,0
41,,19268,19.66,25.0,406.0,1301,4,Si,Casado,Universitario,Autonomo,0
45,31371.0,13330,15.57,10.0,387.0,28610,2,No,Soltero,Posgrado,Relacion_de_dependencia,0
33,60084.0,21733,20.87,26.0,428.0,15927,1,Si,Soltero,Posgrado,Relacion_de_dependencia,0
56,44629.0,38947,24.81,29.0,640.0,1910,4,No,Casado,Secundaria ,Relacion_de_dependencia,0
54,66184.0,28286,9.01,10.0,303.0,24466,3,No,Soltero,Universitario,Relacion_de_dependencia,0
54,76916.0,7610,24.89,1.0,626.0,14904,5,No,DIVORCIADO,Universitario,Autonomo,0
64,88972.0,7430,6.8,29.0,709.0,8107,2,Si,Soltero,Universitario,Relacion_de_dependencia,0
58,77187.0,40922,5.05,16.0,605.0,26081,1,No,Divorciado,Secundaria,Relacion_de_dependencia,0
33,27984.0,14828,5.88,8.0,524.0,24354,3,Si,Soltero,Posgrado,Autonomo,0
24,48039.0,43913,11.84,27.0,647.0,27761,5,No,Soltero,Secundaria,Relacion_de_dependencia,0
22,100431.0,32497,17.66,27.0,620.0,18300,3,Si,Divorciado,Universitario,Autonomo,0
54,98691.0,40256,6.38,1.0,480.0,29491,5,No,Soltero,Universitario,Autonomo,1
61,73606.0,37618,5.11,28.0,685.0,23380,4,Si,Soltero,Secundaria,Relacion_de_dependencia,0
31,25616.0,47332,23.74,23.0,407.0,28124,3,Si,Soltero,Posgrado,Relacion_de_dependencia,0
64,117665.0,27526,21.44,14.0,830.0,2757,3,Si,Casado,Posgrado,Autonomo,0
50,65072.0,31158,21.18,15.0,709.0,26532,3,No,Soltero,Universitario,Autonomo,1
34,39574.0,26032,22.69,24.0,595.0,6464,4,No,Casado,Universitario,Relacion_de_dependencia,0
33,18430.0,38846,19.0,3.0,,16562,1,Si,Casado,,Relacion_de_dependencia,0
52,,45936,7.09,7.0,630.0,9088,5,No,Casado,Universitario,Relacion_de_dependencia,0
23,,30794,12.98,8.0,792.0,22746,3,No,Casado,Secundaria,Relacion_de_dependencia,0
56,47733.0,6448,19.46,,494.0,15124,4,No,Casado,Universitario,Relacion_de_dependencia,0
44,100680.0,29861,10.61,25.0,311.0,14260,1,No,Soltero,Posgrado,Relacion_de_dependencia,0
38,17050.0,29141,18.75,4.0,494.0,9743,5,No,Casado,Secundaria,Relacion_de_dependencia,0
47,48933.0,10074,5.49,15.0,789.0,8683,4,No,Soltero,Posgrado,Relacion_de_dependencia,0
29,39951.0,7406,11.12,12.0,481.0,60,5,No,Casado,Secundaria,Desempleado,0
50,47413.0,32823,15.98,29.0,615.0,9269,3,Si,Casado,Posgrado,Autonomo,0
47,49801.0,24291,17.64,6.0,329.0,23065,1,Si,DIVORCIADO,Secundaria ,Relacion_de_dependencia,1
31,70619.0,42568,16.54,25.0,395.0,2895,4,No,Casado,Universitario,Relacion_de_dependencia,0
47,47913.0,33003,18.96,19.0,680.0,15323,1,Si,Soltero,Secundaria,Relacion_de_dependencia,0
55,55600.0,47851,5.12,16.0,743.0,12352,3,Si,Casado,Posgrado,Relacion_de_dependencia,0
62,,35406,7.02,2.0,597.0,11875,1,Si,Casado,Universitario,Desempleado,0
28,105816.0,24312,22.38,4.0,660.0,16969,1,No,Soltero,Secundaria,Relacion_de_dependencia,0
25,105093.0,44108,18.63,,673.0,5823,2,No,Casado,Universitario,Desempleado,0
32,,2382,7.26,11.0,602.0,28536,1,No,Casado,Universitario,Relacion_de_dependencia,0
50,19494.0,35171,21.84,28.0,720.0,11962,5,No,Divorciado,Universitario,Relacion_de_dependencia,0
57,95688.0,42779,9.84,26.0,545.0,534,4,No,Casado,Posgrado,Relacion_de_dependencia,0
46,104431.0,4292,14.57,6.0,536.0,19846,2,Si,Soltero,Universitario,Relacion_de_dependencia,0
42,89691.0,42779,7.9,27.0,833.0,4011,4,No,Soltero,Secundaria,Relacion_de_dependencia,0
57,112419.0,34187,19.2,8.0,,19782,4,Si,Divorciado,Secundaria,Autonomo,0
31,58001.0,13411,18.34,,767.0,2155,3,No,Casado,Universitario,Autonomo,0
58,82364.0,38285,9.22,,662.0,22350,3,Si,Soltero,Universitario,Autonomo,0
30,60028.0,16422,22.27,28.0,582.0,23713,2,No,Soltero,Universitario,Autonomo,0
45,112659.0,43468,13.03,25.0,635.0,6957,3,No,Casado,Secundaria,Autonomo,0
56,52573.0,33371,10.85,16.0,461.0,9196,3,No,Soltero,universitario,Relacion_de_dependencia,0
56,15806.0,6693,8.05,15.0,459.0,10691,3,No,Soltero,Posgrado,Relacion_de_dependencia,1
57,71638.0,34535,10.32,22.0,,21709,4,No,Soltero,Secundaria,Autonomo,0
39,44757.0,15818,5.44,2.0,621.0,13327,2,No,Soltero,Universitario,Relacion_de_dependencia,0
60,49636.0,32238,16.67,20.0,311.0,24902,4,Si,Casado,Universitario,Autonomo,1
53,95097.0,31874,21.84,25.0,723.0,21087,5,No,Casado,Universitario,Relacion_de_dependencia,0
45,63280.0,27715,15.98,3.0,372.0,2706,4,Si,Soltero,Universitario,Relacion_de_dependencia,0
44,39262.0,9999999,9.39,9.0,500.0,1,5,No,Soltero,Universitario,Desempleado,1
53,95435.0,35317,5.67,4.0,821.0,9225,1,Si,Soltero,Posgrado,Relacion_de_dependencia,0
58,77211.0,32174,9.29,20.0,804.0,27057,1,Si,Casado,SECUNDARIA,Relacion_de_dependencia,0
33,69842.0,10956,13.32,,338.0,24700,5,Si,Soltero,Universitario,Autonomo,0
34,71979.0,-100,20.19,29.0,359.0,17488,5,Si,Casado,Secundaria,Desempleado,0
44,96470.0,11837,8.76,9.0,620.0,14820,4,Si,casado,Universitario,Relacion_de_dependencia,0
46,53197.0,4716,19.4,11.0,734.0,10891,5,Si,Soltero,Universitario,Autonomo,0
56,56844.0,5481,22.34,9.0,707.0,1861,2,No,Soltero,Universitario,Desempleado,0
62,79754.0,25282,14.08,,685.0,5269,1,Si,Soltero,,Desempleado,0
51,116868.0,7548,21.43,12.0,377.0,23327,1,No,Casado,Universitario,Desempleado,0
38,49157.0,38605,16.09,10.0,493.0,11112,5,No,Divorciado,Universitario,Relacion_de_dependencia,1
41,92129.0,8758,17.74,21.0,584.0,15699,3,Si,Soltero,Universitario,Relacion_de_dependencia,0
46,55042.0,44668,15.53,15.0,826.0,8320,3,Si,Divorciado,Universitario,Relacion_de_dependencia,0
43,76665.0,24177,14.26,7.0,,16821,5,No,Soltero,Universitario,Relacion_de_dependencia,0
34,97856.0,25022,9.69,7.0,455.0,21230,2,Si,Casado,Posgrado,Relacion_de_dependencia,1
40,42376.0,41761,11.06,26.0,639.0,10740,3,Si,Casado,Universitario,Relacion_de_dependencia,0
57,70554.0,6542,10.8,24.0,424.0,3129,5,Si,Casado,Universitario,Relacion_de_dependencia,1
33,29199.0,26476,16.27,,579.0,25797,2,Si,Casado,Posgrado,Relacion_de_dependencia,0
62,96412.0,31784,7.4,12.0,427.0,24465,2,Si,Casado,Secundaria,Relacion_de_dependencia,0
40,65948.0,23740,23.34,26.0,613.0,17285,4,Si,Casado,Secundaria,Autonomo,0
33,88781.0,25817,19.41,,631.0,14380,2,Si,Casado,Universitario,Relacion_de_dependencia,0
30,87750.0,48596,13.03,29.0,449.0,11360,3,No,Casado,Universitario,Relacion_de_dependencia,0
28,81262.0,17052,8.17,29.0,753.0,5398,3,Si,Soltero,Post-grado,Relacion_de_dependencia,0
49,61600.0,36153,22.64,11.0,335.0,23062,5,No,Soltero,Posgrado,Relacion_de_dependencia,0
35,91898.0,48076,21.48,9.0,719.0,5529,5,No,Casado,Universitario,Desempleado,1
52,77483.0,1671,19.43,11.0,321.0,22988,2,No,Casado,,Relacion_de_dependencia,0
-1,33297.0,1163,10.43,10.0,505.0,29062,1,No,Casado,Universitario,Relacion_de_dependencia,0
37,45448.0,42424,13.05,14.0,655.0,3918,4,Si,Casado,Universitario,Relacion_de_dependencia,0
26,41172.0,45002,7.05,15.0,739.0,17451,1,No,Divorciado,Universitario,Relacion_de_dependencia,0
56,57874.0,5795,8.78,16.0,395.0,16410,2,No,Casado,Universitario,Relacion_de_dependencia,0
33,22657.0,11634,20.66,25.0,463.0,6937,2,No,Casado,Universitario,Relacion_de_dependencia,0
46,99386.0,5798,19.3,1.0,447.0,23648,1,No,Casado,Secundaria,Relacion_de_dependencia,1
42,40425.0,23420,16.87,17.0,829.0,7118,4,No,Soltero,Universitario,Autonomo,0
57,41685.0,30300,22.91,11.0,593.0,16931,1,Si,Soltero,Secundaria,Autonomo,0
44,39578.0,25345,16.67,18.0,494.0,10860,5,Si,Casado,Posgrado,Relacion_de_dependencia,0
37,43831.0,11749,14.34,25.0,779.0,25142,3,No,Soltero,Secundaria,Relacion_de_dependencia,0
60,22906.0,39595,11.81,22.0,422.0,25279,5,Si,Divorciado,,Relacion_de_dependencia,1
63,76413.0,26121,23.81,17.0,699.0,5338,3,Si,Soltero,Universitario,Relacion_de_dependencia,1
60,,38487,6.65,29.0,751.0,12472,2,No,Soltero,Universitario,Relacion_de_dependencia,0
35,22287.0,29411,23.62,16.0,403.0,3140,4,No,Divorciado,Universittario,Autonomo,0
52,48660.0,34361,21.53,29.0,761.0,7996,1,No,Casado,Universitario,Relacion_de_dependencia,0
26,90758.0,22223,7.6,5.0,695.0,15489,4,Si,Soltero,Universittario,Autonomo,0
56,75504.0,8394,16.3,24.0,636.0,17974,1,No,Casado,Universitario,Relacion_de_dependencia,0
44,74720.0,15056,22.33,14.0,441.0,14201,5,Si,Casado,Universitario,Desempleado,0
50,117979.0,29380,16.44,2.0,616.0,7776,5,Si,Casado,Universitario,Relacion_de_dependencia,0
64,49701.0,27035,23.14,5.0,826.0,4943,1,Si,Soltero,Universitario,Autonomo,0
32,98300.0,31620,23.86,2.0,700.0,12886,4,No,Casado,Secundaria,Relacion_de_dependencia,0
39,32674.0,20877,13.45,29.0,609.0,8997,1,Si,DIVORCIADO,Universitario,Autonomo,0
33,98560.0,44404,12.55,28.0,794.0,7798,2,No,Soltero,Posgrado,Autonomo,0
30,38874.0,31911,23.73,0.0,408.0,20175,5,No,Divorciado,SECUNDARIA,Autonomo,1
31,58642.0,33784,18.5,,671.0,17741,2,No,Divorciado,Universitario,Relacion_de_dependencia,0
38,112820.0,4191,7.32,12.0,505.0,8092,5,No,Casado,Universitario,Autonomo,0
59,80160.0,34160,5.85,27.0,342.0,3225,5,No,Casado,Universitario,Relacion_de_dependencia,0
28,32602.0,26000,16.29,20.0,544.0,11810,3,Si,Soltero,Secundaria,Relacion_de_dependencia,0
34,118320.0,40040,23.6,25.0,586.0,26702,2,Si,Soltero,Universitario,Autonomo,0
61,103801.0,4631,21.88,,654.0,14914,2,Si,Casado,Secundaria,Relacion_de_dependencia,0
63,40931.0,7172,18.52,12.0,775.0,2460,3,Si,Divorciado,Secundaria,Relacion_de_dependencia,0
30,109377.0,43080,7.78,26.0,382.0,8737,4,Si,Casado,universitario,Relacion_de_dependencia,0
48,44192.0,24561,10.08,,,13920,2,No,Casado,Universitario,Autonomo,0
23,61542.0,25817,22.51,6.0,489.0,19112,1,No,Soltero,Posgrado,Relacion_de_dependencia,0
26,57520.0,21281,8.66,21.0,550.0,28310,3,Si,Soltero,Secundaria,Relacion_de_dependencia,0
50,79772.0,29671,10.57,9.0,590.0,23110,2,Si,Casado,Universitario,Relacion_de_dependencia,0
58,73762.0,26364,7.59,6.0,500.0,10754,4,Si,Soltero,,Autonomo,0
59,65106.0,42674,18.52,20.0,,23865,2,No,Casado,Universitario,Relacion_de_dependencia,0
40,96121.0,28425,23.88,14.0,810.0,26655,5,No,Soltero,Posgrado,Autonomo,1
29,,29602,10.38,14.0,708.0,22814,1,No,Casado,,Relacion_de_dependencia,0
22,48742.0,24253,14.51,3.0,807.0,10833,3,Si,Soltero,Secundaria,Autonomo,0
43,84669.0,24472,17.69,,371.0,3114,5,Si,Casado,Universitario,Desempleado,1
38,,9080,24.99,22.0,546.0,26502,4,Si,Casado,Universitario,Relacion_de_dependencia,1
28,36754.0,8099,7.1,5.0,643.0,17000,5,Si,Soltero,SECUNDARIA,Relacion_de_dependencia,0
46,18972.0,26431,14.97,23.0,353.0,15360,5,No,Soltero,Secundaria,Autonomo,1
25,85831.0,32186,12.7,19.0,,20028,4,Si,Soltero,Posgrado,Relacion_de_dependencia,0
57,56873.0,48684,22.32,25.0,831.0,22797,5,Si,Divorciado,Posgrado,Relacion_de_dependencia,0
27,109661.0,31111,14.52,,492.0,17587,3,Si,Soltero,Posgrado,Autonomo,1
52,24903.0,40851,7.22,19.0,357.0,9951,2,No,Casado,Universitario,Desempleado,0
40,18020.0,23614,17.69,11.0,,2565,5,No,Divorciado,Universitario,Relacion_de_dependencia,0
60,56755.0,27724,20.42,0.0,410.0,3174,3,Si,Casado,Universitario,Relacion_de_dependencia,0
48,100956.0,42991,5.06,27.0,428.0,19465,2,No,Soltero,Secundaria,Relacion_de_dependencia,0
31,101988.0,5940,22.18,7.0,625.0,2630,2,No,Divorciado,Secundaria,Relacion_de_dependencia,0
47,60648.0,29758,8.72,0.0,307.0,3161,5,No,Soltero,Universitario,Autonomo,1
40,118537.0,37224,16.04,4.0,328.0,4321,3,No,Casado,,Autonomo,0
60,24516.0,8788,13.32,21.0,411.0,25245,5,No,Divorciado,Posgrado,Autonomo,1
24,17396.0,29082,19.39,5.0,430.0,13204,4,Si,Casado,Posgrado,Relacion_de_dependencia,1
34,,25034,12.42,28.0,487.0,22653,2,Si,Casado,Posgrado,Relacion_de_dependencia,0
49,34129.0,36479,22.4,20.0,,7099,5,Si,Soltero,Posgrado,Relacion_de_dependencia,0
41,16591.0,12280,19.61,,663.0,23760,2,No,Soltero,Secundaria,Relacion_de_dependencia,0
49,,19052,17.95,14.0,503.0,11360,3,No,Casada,Universitario,Autonomo,0
29,45561.0,17531,20.92,4.0,511.0,10313,1,No,Soltero,Univ.,Relacion_de_dependencia,0
62,86719.0,23804,20.08,27.0,575.0,13502,5,No,Divorciado,Secundaria,Relacion_de_dependencia,0
60,107108.0,29903,5.72,23.0,372.0,20462,5,Si,Divorciado,Posgrado,Autonomo,0
22,114616.0,45857,12.89,13.0,542.0,5801,2,Si,Divorciado,POSGRADO,Desempleado,1
24,101231.0,11142,23.62,17.0,401.0,14130,3,Si,Casado,Secundaria,Autonomo,1
34,22314.0,49355,7.51,15.0,470.0,14271,4,Si,Casado,Secundaria,Autonomo,0
49,34623.0,10866,19.74,5.0,487.0,16075,3,Si,Divorciado,Universitario,Relacion_de_dependencia,1
46,82675.0,9999999,24.49,24.0,740.0,4151,5,Si,Divorciado,Universitario,Relacion_de_dependencia,0
54,111826.0,46454,6.04,23.0,385.0,8911,4,No,Casado,Posgrado,Relacion_de_dependencia,0
59,80082.0,39098,18.64,13.0,775.0,18984,3,No,Soltero,Secundaria,Relacion_de_dependencia,0
27,98624.0,39278,14.36,26.0,351.0,22559,1,Si,Soltero,,Autonomo,0
53,48130.0,29138,16.58,23.0,410.0,28174,2,No,Casado,Secundaria,Relacion_de_dependencia,0
42,66756.0,28065,6.71,7.0,342.0,12861,3,Si,Casado,Secundaria,Relacion_de_dependencia,0
37,112624.0,30956,5.86,28.0,510.0,666,3,Si,Casado,Secundaria,Relacion_de_dependencia,0
42,41292.0,42732,18.34,6.0,499.0,16667,1,No,Soltero,Posgrado,Relacion_de_dependencia,0
32,101206.0,40261,21.47,7.0,325.0,5840,5,Si,Soltero,Universitario,Autonomo,0
58,84274.0,11759,20.64,12.0,598.0,28479,2,Si,Soltero,Universitario,Relacion_de_dependencia,0
57,17469.0,6439,15.88,5.0,376.0,3565,3,Si,Soltero,,Autonomo,0
56,68947.0,48241,7.0,17.0,436.0,10426,4,No,Soltera,Secundaria,Relacion_de_dependencia,0
40,37534.0,43533,18.76,1.0,319.0,20977,3,No,Casado,POSGRADO,Relacion_de_dependencia,1
41,78620.0,29270,9.84,7.0,739.0,17849,2,No,Casado,Universitario,Autonomo,0
39,63874.0,14279,23.22,10.0,510.0,24705,3,No,Casado,Universitario,Autonomo,0
62,64708.0,40279,21.77,0.0,734.0,21118,1,Si,Soltero,Universitario,Relacion_de_dependencia,0
35,89553.0,45251,19.19,21.0,506.0,22641,3,No,Soltero,Universitario,Relacion_de_dependencia,0
36,83344.0,24888,23.98,28.0,738.0,7366,3,No,Casado,,Relacion_de_dependencia,0
52,64138.0,18630,5.63,5.0,341.0,26636,4,No,Divorciado,Universitario,Autonomo,1
22,69302.0,36144,19.72,15.0,710.0,15630,1,Si,Soltero,Posgrado,Autonomo,0
24,62638.0,32182,11.6,26.0,822.0,20056,1,No,Casado,Secundaria,Autonomo,0
37,93249.0,26538,23.12,19.0,726.0,7382,3,No,Soltero,Universitario,Relacion_de_dependencia,0
44,17719.0,12824,10.33,,574.0,22971,4,Si,Divorciado,Secundaria,Relacion_de_dependencia,1
32,37890.0,33125,19.5,10.0,747.0,16149,3,Si,Casado,Universitario,Relacion_de_dependencia,0
33,92236.0,7979,22.55,28.0,,15871,3,Si,soltero,Posgrado,Autonomo,0
31,51509.0,27189,5.83,,519.0,27070,2,Si,Casado,Universitario,Relacion_de_dependencia,0
53,57534.0,43600,12.95,28.0,,13273,2,No,Soltero,Universitario,Relacion_de_dependencia,0
37,117302.0,13504,20.25,9.0,627.0,992,4,Si,Divorciado,posgrado,Relacion_de_dependencia,0
29,107241.0,9999999,14.1,2.0,742.0,6858,5,No,Casado,Universitario,Desempleado,1
59,33787.0,7910,10.35,12.0,351.0,2121,2,No,Casado,Secundaria,Autonomo,0
33,63845.0,47857,9.4,26.0,,27160,5,No,Casado,Secundaria,Relacion_de_dependencia,0
45,72932.0,35964,7.63,2.0,562.0,12388,1,No,Casado,Univ.,Relacion_de_dependencia,0
49,107124.0,21131,22.14,14.0,566.0,18607,2,No,Soltero,Universitario,Relacion_de_dependencia,0
29,106659.0,26227,16.51,15.0,658.0,20906,2,Si,Casado,Universitario,Relacion_de_dependencia,0
49,48062.0,6978,6.53,,616.0,19572,4,No,Soltero,Universitario,Relacion_de_dependencia,1
57,90713.0,22991,12.65,12.0,623.0,19621,5,No,Soltero,Posgrado,Autonomo,0
47,102263.0,18153,12.35,16.0,720.0,4136,2,No,Casado,Secundaria,Autonomo,0
29,110756.0,34548,8.63,2.0,345.0,29100,2,Si,Soltero,,Relacion_de_dependencia,0
49,75461.0,43676,13.71,19.0,568.0,16727,4,No,Soltero,SECUNDARIA,Relacion_de_dependencia,0
49,90418.0,40071,11.64,10.0,680.0,12653,4,No,Casado,Posgrado,Relacion_de_dependencia,0
58,81672.0,48454,11.84,26.0,417.0,15479,5,Si,Soltero,Secundaria,Relacion_de_dependencia,0
62,49832.0,4983,19.78,20.0,415.0,21088,1,No,Casado,Universitario,Relacion_de_dependencia,1
57,46966.0,10503,9.47,18.0,559.0,4823,1,No,SOLTERO,Secundaria,Autonomo,0
48,87545.0,30921,17.84,21.0,374.0,26852,3,Si,Soltero,Universitario,Desempleado,0
-1,27987.0,17905,16.41,10.0,779.0,4920,2,No,Soltero,Posgrado,Relacion_de_dependencia,0
30,52311.0,46838,16.36,29.0,,19585,5,No,Casado,Universitario,Autonomo,0
54,46575.0,24953,18.26,27.0,306.0,5471,2,No,Casado,Universitario,Desempleado,1
41,78852.0,27806,15.97,15.0,665.0,17272,5,No,Soltero,Universitario,Relacion_de_dependencia,0
34,16007.0,46000,22.59,20.0,822.0,26619,5,No,Soltero,Universitario,Autonomo,0
49,85981.0,23168,18.51,2.0,647.0,9533,5,Si,Divorciado,Posgrado,Relacion_de_dependencia,0
50,91242.0,5583,15.94,21.0,737.0,7127,2,Si,Soltero,Secundaria,Relacion_de_dependencia,0
34,62517.0,39714,21.6,5.0,514.0,3720,4,Si,Divorciado,Universitario,Relacion_de_dependencia,0
56,,40896,17.12,13.0,728.0,19267,2,No,Soltera,Secundaria,Autonomo,0
27,102272.0,12889,10.82,23.0,797.0,15696,5,No,Casado,Secundaria,Autonomo,0
39,57207.0,28413,9.14,17.0,839.0,29968,3,No,Soltero,Universitario,Relacion_de_dependencia,0
26,28281.0,13275,8.05,16.0,666.0,20596,1,Si,Divorciado,Universitario,Relacion_de_dependencia,0
46,76246.0,3461,22.99,3.0,,23345,5,No,Casado,Universitario,Relacion_de_dependencia,1
23,16435.0,15291,19.2,22.0,837.0,18799,3,No,Casado,Universittario,Autonomo,1
31,113875.0,47804,23.75,14.0,353.0,25693,4,No,Soltero,Secundaria,Relacion_de_dependencia,0
51,115686.0,12435,17.07,10.0,840.0,28839,5,Si,Casado,Secundaria,Autonomo,0
26,106357.0,28935,14.47,25.0,766.0,19385,3,Si,Casado,Universitario,Relacion_de_dependencia,0
54,41660.0,34453,6.19,2.0,N/A,18122,5,No,Soltero,Posgrado,Relacion_de_dependencia,1
22,20084.0,19544,18.43,2.0,633.0,1364,2,No,Soltero,Secundaria,Relacion_de_dependencia,0
39,97197.0,13258,16.64,15.0,846.0,2708,3,No,Casado,Universitario,Relacion_de_dependencia,0
53,28507.0,31841,24.8,,647.0,12982,2,Si,Soltero,Universitario,Relacion_de_dependencia,0
32,87595.0,49758,9.78,20.0,572.0,17308,2,Si,Casado,Universitario,Relacion_de_dependencia,0
42,98807.0,11736,15.61,28.0,713.0,151,3,Si,Casado,Post-grado,Relacion_de_dependencia,0
47,60539.0,38643,18.02,9.0,799.0,25161,1,No,Divorciado,POSGRADO,Relacion_de_dependencia,0
46,22491.0,44950,17.89,18.0,392.0,24428,3,Si,DIVORCIADO,Universitario,Relacion_de_dependencia,1
43,65192.0,35964,16.23,24.0,378.0,17296,1,No,Divorciado,Secundaria,Relacion_de_dependencia,0
48,95395.0,29044,20.54,3.0,516.0,2321,5,No,Soltero,Posgrado,Autonomo,0
34,78888.0,40933,9.1,28.0,657.0,13865,5,Si,Divorciado,Universitario,Relacion_de_dependencia,0
54,88609.0,16997,19.51,28.0,806.0,495,3,No,Soltero,Secundaria,Desempleado,0
55,24077.0,15215,17.39,18.0,480.0,11987,5,Si,Casado,Universitario,Relacion_de_dependencia,0
62,35953.0,34069,22.92,10.0,N/A,2148,4,No,Casado,Posgrado,Relacion_de_dependencia,1
56,91919.0,24911,21.94,1.0,N/A,556,2,No,Soltero,posgrado,Relacion_de_dependencia,0
22,82889.0,18030,11.3,9.0,805.0,13393,2,Si,Divorciado,Secundaria,Relacion_de_dependencia,0
42,38821.0,30334,10.52,28.0,721.0,1552,1,No,Soltero,Universitario,Autonomo,0
27,52567.0,15571,24.63,10.0,619.0,18504,5,No,Casado,Posgrado,Relacion_de_dependencia,0
49,39860.0,43719,15.55,24.0,386.0,3085,1,No,Casado,Secundaria,Relacion_de_dependencia,0
38,36195.0,29927,23.13,19.0,516.0 pts,19888,2,No,Casado,Universitario,Relacion_de_dependencia,1
26,92475.0,21714,8.28,15.0,789.0,156,2,No,Soltero,Universitario,Desempleado,0
52,105874.0,44541,17.86,,818.0,8926,5,No,CASADO,Universitario,Desempleado,0
26,,24387,21.2,22.0,577.0,23889,4,No,Casado,Secundaria,Relacion_de_dependencia,0
59,36427.0,29444,23.95,23.0,468.0,7162,4,No,Soltero,Universitario,Relacion_de_dependencia,0
24,115732.0,49908,11.75,10.0,629.0,21907,5,Si,Casado,Posgrado,Autonomo,0
44,42083.0,20921,19.5,,740.0,23927,5,Si,Soltero,Universitario,Desempleado,0
58,102046.0,14057,15.78,1.0,690.0,8055,1,No,Casado,Universitario,Relacion_de_dependencia,0
58,72372.0,46268,6.21,22.0,795.0,4654,5,No,Divorciado,Universitario,Relacion_de_dependencia,0
31,59064.0,25858,18.8,27.0,680.0,22634,4,Si,Casado,Secundaria,Desempleado,1
31,22813.0,49689,18.8,4.0,605.0,11468,5,No,Casado,Universitario,Autonomo,0
40,,45638,23.61,26.0,812.0,23630,1,Si,Casado,Universitario,Relacion_de_dependencia,0
38,108106.0,27062,14.95,4.0,487.0,154,1,Si,Casado,Posgrado,Relacion_de_dependencia,0
42,42082.0,37850,9.61,18.0,815.0,7950,1,Si,Soltero,Secundaria ,Desempleado,0
35,44241.0,47486,5.89,20.0,726.0,15323,1,No,Soltero,Universitario,Autonomo,0
30,,21567,13.31,11.0,801.0,17380,3,No,Casado,Universitario,Autonomo,0
22,59569.0,30739,11.04,17.0,559.0,26870,5,No,Casado,Posgrado,Autonomo,0
34,26745.0,44285,20.22,3.0,812.0,4626,2,Si,Casado,Secundaria,Relacion_de_dependencia,0
25,41029.0,4754,12.09,21.0,370.0,19289,5,Si,Soltero,Secundaria,Autonomo,1
22,28025.0,28044,23.98,16.0,777.0,14259,3,Si,Soltero,Secundaria,Relacion_de_dependencia,0
61,116660.0,2724,24.25,9.0,477.0,14873,1,No,Soltero,Posgrado,Desempleado,0
53,29288.0,2376,17.42,19.0,756.0,13016,3,Si,divorciado,Secundaria,Relacion_de_dependencia,0
55,104186.0,9706,23.57,5.0,488.0,9369,4,Si,Casada,Secundaria,Autonomo,0
49,,9894,20.22,24.0,590.0,153,4,No,Soltero,Secundaria,Relacion_de_dependencia,0
52,112768.0,19037,15.94,,819.0,7853,5,Si,Soltero,Universitario,Relacion_de_dependencia,0
29,96958.0,19450,8.61,10.0,591.0,12379,5,Si,Divorciado,Secundaria,Relacion_de_dependencia,0
60,83878.0,17406,14.17,10.0,,15792,2,No,Soltero,Universitario,Autonomo,0
47,,30725,16.22,28.0,843.0,22865,2,No,Casado,Secundaria,Autonomo,1
0,116148.0,6926,22.28,17.0,,5599,4,Si,Soltero,Universitario,Autonomo,0
24,,40019,14.63,26.0,455.0,18100,1,No,Divorciado,universitario,Relacion_de_dependencia,0
33,32482.0,10496,22.95,22.0,807.0,27778,3,Si,Divorciado,,Relacion_de_dependencia,0
22,38411.0,37068,18.49,21.0,712.0,14785,2,No,Casado,Posgrado,Desempleado,1
26,65975.0,30806,7.74,17.0,827.0,11049,2,Si,SOLTERO,Posgrado,Autonomo,0
51,-500.0,23663,24.9,23.0,654.0,786,1,No,Soltero,Universitario,Autonomo,1
51,93797.0,42321,15.54,22.0,486.0,4368,1,Si,Casado,Universitario,Autonomo,0
38,,37495,12.84,10.0,330.0,24480,5,No,Casado,Universitario,Autonomo,0
44,18093.0,23656,18.18,20.0,559.0,14923,3,No,Soltero,,Relacion_de_dependencia,0
36,,26860,7.18,11.0,720.0,4272,1,No,Soltero,Universitario,Autonomo,0
58,37042.0,17832,17.73,4.0,828.0,20151,2,No,Casado,,Relacion_de_dependencia,1
42,67930.0,39787,14.96,22.0,603.0,27454,2,No,Casado,Universitario,Autonomo,0
35,,49231,13.13,8.0,338.0,25218,4,No,Soltero,posgrado,Autonomo,1
23,108623.0,22727,24.06,26.0,788.0,5994,1,No,Soltero,Secundaria,Relacion_de_dependencia,0
32,112883.0,43815,15.45,24.0,841.0,23600,5,Si,Divorciado,Secundaria,Relacion_de_dependencia,0
60,48756.0,30545,9.38,8.0,577.0,29238,3,Si,Casado,Universitario,Relacion_de_dependencia,0
59,68268.0,45522,14.18,21.0,502.0,25241,5,No,Casado,Secundaria,Relacion_de_dependencia,0
55,54214.0,3520,23.39,9.0,365.0,19810,2,No,Casado,Universitario,Relacion_de_dependencia,0
59,96871.0,4081,8.52,21.0,407.0,20167,5,Si,Soltero,Secundaria,Autonomo,0
55,,35196,9.28,18.0,567.0,21811,2,Si,Soltero,Universitario,Relacion_de_dependencia,0
39,68331.0,37735,5.26,0.0,521.0,7011,2,No,Soltero,Posgrado,Relacion_de_dependencia,0
51,63901.0,40213,5.28,6.0,829.0,24436,2,Si,Casado,Universitario,Desempleado,0
36,114986.0,15566,21.59,3.0,389.0,20085,2,Si,Casado,Universitario,Autonomo,1
48,78416.0,15042,19.64,0.0,554.0,14086,2,No,Soltero,Secundaria,Relacion_de_dependencia,0
55,47196.0,26498,12.1,14.0,754.0,9261,4,No,Divorciado,secundaria,Autonomo,0
59,20626.0,12329,18.97,7.0,,18733,5,No,Soltero,Posgrado,Relacion_de_dependencia,0
54,22424.0,32656,12.9,11.0,556.0,7011,4,Si,Divorciado,Universitario,Relacion_de_dependencia,0
45,,3159,24.06,21.0,682.0,23439,4,No,Divorciado,Universitario,Relacion_de_dependencia,0
36,34982.0,38900,24.34,21.0,741.0,29079,1,No,Soltero,Posgrado,Relacion_de_dependencia,1
51,91961.0,20363,12.86,17.0,389.0,1212,1,Si,Soltero,Post-grado,Relacion_de_dependencia,0
63,16980.0,48701,22.08,14.0,689.0,23349,1,No,Casado,Posgrado,Desempleado,1
38,63290.0,44241,20.46,16.0,343.0,14141,3,Si,Casado,,Autonomo,0
26,41431.0,20033,11.2,28.0,318.0,9344,1,Si,Casado,Secundaria,Relacion_de_dependencia,0
50,99976.0,11805,9.64,13.0,400.0,6704,5,Si,Divorciado,UNIVERSITARIO,Relacion_de_dependencia,0
25,97711.0,36851,14.16,13.0,656.0,15896,4,Si,Casado,,Relacion_de_dependencia,0
31,41385.0,27832,20.63,17.0,841.0,23817,5,Si,Soltero,Secundaria,Autonomo,0
38,53158.0,14944,24.2,19.0,332.0,29813,1,Si,Soltero,Universitario,Autonomo,1
31,38019.0,20873,20.27,17.0,528.0,18895,3,No,Casado,Secundaria,Relacion_de_dependencia,1
38,33639.0,41372,22.1,15.0,823.0,143,3,No,Soltero,Universitario,Relacion_de_dependencia,0
41,100530.0,24928,17.06,0.0,454.0,10681,4,No,Casado,Universitario,Relacion_de_dependencia,1
45,114911.0,16379,21.71,22.0,722.0,7367,5,Si,Soltero,Universitario,Relacion_de_dependencia,0
26,36563.0,37751,20.69,26.0,545.0,3228,2,No,Soltero,,Relacion_de_dependencia,0
55,54341.0,35546,12.54,10.0,,4582,5,Si,Soltero,Posgrado,Relacion_de_dependencia,0
27,20776.0,25286,16.04,14.0,840.0,13147,1,No,Casado,Universitario,Relacion_de_dependencia,0
23,51444.0,6110,21.1,11.0,460.0,11397,2,Si,Soltero,Universitario,Relacion_de_dependencia,1
34,83916.0,13087,5.92,7.0,,6031,3,No,Casado,Posgrado,Relacion_de_dependencia,0
64,23711.0,24762,21.16,21.0,570.0,4243,4,Si,Casado,Universitario,Relacion_de_dependencia,0
64,89318.0,18081,8.56,19.0,786.0,13647,4,No,Casado,Posgrado,Autonomo,0
32,97970.0,35947,15.29,29.0,471.0,27718,3,Si,Casado,Secundaria,Desempleado,1
44,100553.0,10596,21.17,5.0,,11496,1,No,Soltero,Universitario,Autonomo,0
37,45707.0,39019,10.08,2.0,558.0,9549,3,Si,Casado,Secundaria,Autonomo,0
52,54110.0,43003,9.92,27.0,434.0,15146,1,No,Soltero,Secundaria,Relacion_de_dependencia,0
32,,19313,13.06,23.0,721.0,19097,2,No,Casado,Post-grado,Autonomo,0
37,97879.0,48639,22.89,25.0,720.0,4185,3,No,Soltero,SECUNDARIA,Desempleado,0
29,53827.0,2013,5.01,29.0,485.0,25933,1,Si,Casado,Universitario,Relacion_de_dependencia,1
25,20655.0,24705,23.03,12.0,663.0,12486,2,Si,Divorciado,Universitario,Relacion_de_dependencia,1
61,59859.0,2828,8.08,12.0,677.0,7328,3,Si,Casado,,Autonomo,0
25,68625.0,8909,24.8,1.0,822.0,21017,4,Si,Casado,Universitario,Autonomo,0
46,67098.0,39356,24.1,4.0,495.0,19576,3,Si,Casado,Universitario,Relacion_de_dependencia,1
24,30251.0,14109,14.89,16.0,397.0,16684,5,No,Soltero,Secundaria,Relacion_de_dependencia,1
53,15526.0,3023,15.25,5.0,321.0,17107,3,Si,Divorciado,Universitario,Autonomo,0
24,83760.0,15537,14.63,1.0,749.0,22078,5,No,Soltero,Universitario,Relacion_de_dependencia,0
48,62837.0,27661,17.71,3.0,471.0,3010,2,No,Divorciado,Universitario,Autonomo,0
50,26536.0,39659,6.81,21.0,682.0,5555,3,Si,Casado,,Relacion_de_dependencia,0
53,43541.0,34848,5.65,25.0,433.0,67,2,No,Casado,Posgrado,Desempleado,1
40,94083.0,38804,6.15,10.0,725.0,28412,2,Si,Casado,Universitario,Relacion_de_dependencia,0
42,66027.0,16379,13.89,7.0,,12185,1,Si,Casado,Universitario,Relacion_de_dependencia,0
26,49531.0,28766,10.51,11.0,,18890,2,Si,Casado,,Relacion_de_dependencia,0
39,23712.0,44590,17.44,7.0,484.0,1537,2,No,Soltero,Universitario,Relacion_de_dependencia,0
49,119101.0,3563,24.85,10.0,384.0,16781,3,Si,Casado,Universitario,Relacion_de_dependencia,1
63,,37060,12.73,21.0,443.0,29291,3,Si,Casado,Secundaria,Relacion_de_dependencia,0
43,89744.0,30197,16.48,19.0,711.0,11549,4,Si,Divorciado,Universitario,Relacion_de_dependencia,0
42,,4586,13.31,,523.0,5680,1,No,Casado,Universitario,Relacion_de_dependencia,0
27,64268.0,17087,21.95,28.0,519.0 pts,25739,2,Si,Soltero,Universitario,Autonomo,0
22,115737.0,49868,23.04,,478.0,21209,1,No,Soltero,Secundaria,Autonomo,0
26,69615.0,24225,22.55,25.0,732.0,8747,5,No,Casado,Universitario,Relacion_de_dependencia,0
62,97503.0,30750,24.49,29.0,564.0,22432,2,Si,Soltero,Secundaria,Relacion_de_dependencia,0
33,44759.0,7643,5.55,16.0,728.0,15116,1,No,Soltero,Posgrado,Autonomo,0
47,100708.0,28523,21.8,19.0,715.0,20045,4,No,Casado,Secundaria,Relacion_de_dependencia,0
55,75112.0,37727,20.04,19.0,752.0,26327,4,Si,Casado,Universitario,Relacion_de_dependencia,0
35,,12005,9.57,22.0,496.0,2941,2,Si,Casado,Universitario,Autonomo,1
47,41589.0,44543,24.13,15.0,352.0,10849,5,Si,Soltero,Posgrado,Relacion_de_dependencia,1
48,45015.0,1161,7.96,13.0,779.0,27371,4,No,Casado,Secundaria,Relacion_de_dependencia,0
30,44009.0,17029,18.59,29.0,742.0,26905,4,Si,Soltero,Universitario,Relacion_de_dependencia,1
47,,15226,9.5,10.0,629.0,7067,5,No,Casada,Universitario,Relacion_de_dependencia,0
43,77046.0,29731,13.63,6.0,550.0,21475,1,No,Soltero,Universitario,Relacion_de_dependencia,0
51,41143.0,44922,19.38,15.0,422.0,10151,4,No,Divorciado,Universitario,Desempleado,0
64,21154.0,45848,16.27,12.0,686.0,17985,3,No,Casado,,Relacion_de_dependencia,0
38,36804.0,4390,13.55,26.0,638.0,27369,4,No,Casado,Posgrado,Relacion_de_dependencia,0
47,56688.0,6997,11.53,14.0,,17864,1,Si,Casado,SECUNDARIA,Relacion_de_dependencia,0
57,79288.0,13693,21.79,23.0,328.0,22614,1,Si,Casado,SECUNDARIA,Relacion_de_dependencia,0
22,66195.0,43092,7.88,15.0,334.0,25678,2,No,Soltero,Post-grado,Relacion_de_dependencia,0
29,35581.0,1541,13.6,26.0,817.0,19660,3,No,Casado,Secundaria,Relacion_de_dependencia,0
56,67648.0,22817,23.08,20.0,695.0,15126,1,Si,Soltero,Posgrado,Relacion_de_dependencia,0
36,45087.0,38861,21.92,22.0,593.0,15613,5,Si,Divorciado,Universitario,Relacion_de_dependencia,0
43,64930.0,14428,13.02,23.0,648.0,6447,3,No,Casado,Universitario,Relacion_de_dependencia,0
35,,44934,20.26,8.0,,5499,3,No,Soltero,Secundaria,Relacion_de_dependencia,1
47,84298.0,49831,21.46,,366.0,6273,5,Si,Casado,Secundaria,Autonomo,0
49,61167.0,11258,22.78,18.0,819.0,1299,4,Si,Soltero,,Relacion_de_dependencia,0
44,90304.0,17044,15.89,19.0,421.0 pts,22202,5,No,Soltero,Posgrado,Relacion_de_dependencia,0
35,58408.0,30411,9.09,4.0,639.0,6701,5,Si,Divorciado,Posgrado,Relacion_de_dependencia,0
45,54499.0,6469,10.11,9.0,474.0,4994,4,Si,Casado,Secundaria,Relacion_de_dependencia,0
23,67269.0,29854,10.91,16.0,750.0,29878,4,No,Casado,Secundaria,Desempleado,0
47,53559.0,7256,16.88,14.0,435.0,15627,4,No,Soltero,Secundaria,Relacion_de_dependencia,0
35,89319.0,11720,5.66,22.0,315.0,28455,4,No,Soltero,,Relacion_de_dependencia,0
28,110317.0,34937,17.72,24.0,632.0,7489,4,Si,Divorciado,SECUNDARIA,Relacion_de_dependencia,0
24,,34598,12.29,7.0,494.0,26111,5,No,soltero,Secundaria,Relacion_de_dependencia,0
44,63787.0,2651,10.9,14.0,795.0,8269,2,Si,Soltero,Secundaria,Relacion_de_dependencia,0
64,50488.0,20194,22.59,20.0,308.0,2831,2,No,Casado,Universitario,Autonomo,0
39,89441.0,26051,14.2,,633.0,11602,1,No,Casado,Post-grado,Relacion_de_dependencia,0
59,89663.0,28386,6.9,13.0,632.0,19105,2,Si,Casado,Universitario,Desempleado,1
56,37431.0,10518,21.53,19.0,626.0,11819,2,Si,Soltero,Secundaria,Relacion_de_dependencia,1
36,76681.0,47026,5.95,27.0,314.0,17916,5,No,Soltero,Univ.,Relacion_de_dependencia,1
46,78483.0,17184,19.53,6.0,525.0,24813,4,No,Soltero,Universitario,Desempleado,0
58,64153.0,34787,20.48,20.0,724.0,21637,4,Si,Divorciado,Secundaria ,Autonomo,0
49,21368.0,22621,12.05,22.0,707.0,1996,5,No,Soltero,Secundaria,Relacion_de_dependencia,0
31,42424.0,11028,21.5,11.0,412.0,21695,2,Si,Casado,Universitario,Relacion_de_dependencia,1
60,60004.0,13448,15.31,16.0,727.0,11619,5,Si,Casado,Secundaria,Autonomo,0
38,98869.0,46253,14.27,,300.0,16661,1,No,Casado,secundaria,Relacion_de_dependencia,1
60,103652.0,35051,5.91,9.0,565.0,3089,4,Si,Divorciado,Universitario,Relacion_de_dependencia,0
43,71985.0,31447,10.8,,,523,3,Si,Soltero,Universitario,Autonomo,0
47,65069.0,19394,23.62,,,20659,1,Si,Soltero,Universitario,Relacion_de_dependencia,0
46,67326.0,35501,12.84,,668.0,12410,1,No,Casado,Universitario,Relacion_de_dependencia,0
38,96061.0,31254,15.93,13.0,605.0,21749,5,Si,Soltero,Universitario,Relacion_de_dependencia,0
34,38398.0,19509,15.64,10.0,311.0,15732,2,No,Casado,Universitario,Relacion_de_dependencia,0
41,113393.0,49998,16.81,1.0,644.0,19506,4,No,Casado,Secundaria,Autonomo,0
46,65861.0,15472,6.23,17.0,764.0,8167,3,No,Divorciado,Posgrado,Relacion_de_dependencia,0
25,90897.0,46657,12.24,6.0,793.0,5190,1,Si,Soltero,Secundaria,Autonomo,0
31,96905.0,4471,19.46,11.0,667.0,4575,3,Si,Divorciado,UNIVERSITARIO,Relacion_de_dependencia,0
24,83577.0,42796,9.01,25.0,719.0,7727,2,No,Soltero,Universitario,Relacion_de_dependencia,0
62,80641.0,31268,9.07,1.0,470.0,15378,2,No,Casado,UNIVERSITARIO,Relacion_de_dependencia,0
39,24078.0,9329,5.2,26.0,433.0,1797,3,Si,Casado,Posgrado,Autonomo,0
57,40003.0,35865,13.75,19.0,726.0,2131,4,No,Casado,Universitario,Desempleado,0
43,77768.0,47850,22.65,17.0,,23706,2,No,Casado,Posgrado,Relacion_de_dependencia,0
55,66047.0,47698,6.04,5.0,829.0,14900,3,Si,divorciado,Posgrado,Relacion_de_dependencia,0
29,86626.0,29272,8.82,,489.0,22884,1,No,Divorciado,Posgrado,Relacion_de_dependencia,0
61,72660.0,43845,11.2,9.0,,17199,3,Si,Divorciado,Posgrado,Autonomo,0
40,119386.0,7397,19.63,19.0,614.0,27270,3,Si,Soltero,Posgrado,Relacion_de_dependencia,0
63,64786.0,33373,17.81,14.0,743.0,25018,5,No,DIVORCIADO,Universitario,Relacion_de_dependencia,0
62,,36525,13.32,4.0,618.0,11332,2,Si,Casado,Universitario,Relacion_de_dependencia,0
58,98976.0,25570,20.18,19.0,740.0,6666,4,Si,Soltero,Secundaria,Relacion_de_dependencia,0
27,41015.0,19284,17.19,2.0,391.0,16526,4,Si,Soltero,Universitario,Relacion_de_dependencia,0
47,,19994,22.92,4.0,478.0,12479,5,No,Soltero,Posgrado,Relacion_de_dependencia,1
55,79881.0,24284,21.36,29.0,,1410,4,No,Soltero,Universitario,Autonomo,0
27,105827.0,18833,10.06,24.0,454.0,12665,3,No,Casado,Posgrado,Relacion_de_dependencia,1
58,117215.0,26122,10.43,7.0,,534,5,Si,Divorciado,Posgrado,Relacion_de_dependencia,1
54,41289.0,6017,7.51,7.0,436.0,26292,1,Si,Casado,SECUNDARIA,Relacion_de_dependencia,1
43,18389.0,17370,11.74,7.0,531.0,3364,2,No,Casado,Secundaria,Relacion_de_dependencia,0
42,40683.0,30252,24.99,11.0,,17416,2,No,Divorciado,Universitario,Autonomo,0
27,28629.0,8999,13.12,23.0,780.0,3342,2,Si,Soltero,Secundaria,Relacion_de_dependencia,0
27,76550.0,23436,9.41,22.0,367.0,25986,3,No,Divorciado,Universitario,Relacion_de_dependencia,0
25,39826.0,43963,20.25,7.0,,22469,1,No,Casado,Posgrado,Relacion_de_dependencia,0
51,115734.0,3096,15.85,10.0,,13465,5,No,Casado,Universitario,Relacion_de_dependencia,0
32,41630.0,49201,7.99,13.0,817.0,4500,5,No,Soltero,Universitario,Relacion_de_dependencia,0
51,113762.0,26279,12.61,7.0,731.0,1172,2,No,Casado,Secundaria,Relacion_de_dependencia,0
52,61163.0,44363,13.29,28.0,786.0,25464,1,Si,Soltero,Universitario,Relacion_de_dependencia,0
45,113511.0,49709,20.08,29.0,728.0,27914,1,No,Casado,Universitario,Autonomo,0
30,81435.0,27201,5.41,,568.0,20901,1,No,Soltero,Universitario,Relacion_de_dependencia,0
24,26653.0,20715,10.38,27.0,836.0,8007,4,Si,Divorciado,Secundaria,Relacion_de_dependencia,0
52,42961.0,30309,15.35,9.0,447.0,1641,4,Si,Soltero,Universitario,Autonomo,0
61,96941.0,16078,10.38,6.0,417.0,16855,2,Si,Soltero,Secundaria,Relacion_de_dependencia,1
58,89137.0,6105,17.57,27.0,666.0,19324,1,Si,Casado,POSGRADO,Relacion_de_dependencia,0
57,48662.0,30312,14.64,16.0,365.0,8738,1,No,Soltero,Secundaria,Relacion_de_dependencia,0
45,113818.0,3839,12.23,3.0,669.0,4726,5,No,Casado,Secundaria,Relacion_de_dependencia,0
52,71446.0,4384,23.98,,474.0,11789,5,No,Divorciado,Secundaria,Relacion_de_dependencia,1
27,36288.0,44619,17.64,12.0,794.0,24054,2,No,Casado,Universitario,Relacion_de_dependencia,0
23,110081.0,43821,7.6,3.0,413.0,29709,1,Si,Soltero,Universitario,Autonomo,0
41,51877.0,14493,16.2,4.0,410.0,11017,2,Si,Casado,Universitario,Relacion_de_dependencia,0
49,30313.0,18069,20.61,25.0,738.0,20107,5,No,Casado,Universitario,Relacion_de_dependencia,0
32,,47907,19.17,21.0,446.0,363,5,No,Casado,Universitario,Relacion_de_dependencia,0
25,87715.0,8531,8.44,,334.0,10358,4,No,Soltero,UNIVERSITARIO,Relacion_de_dependencia,1
36,25326.0,38051,24.45,17.0,608.0,3309,2,No,Casado,,Relacion_de_dependencia,0
27,16560.0,8736,13.98,5.0,837.0,16929,2,Si,Casado,Secundaria,Relacion_de_dependencia,1
51,,8710,8.18,23.0,,3240,1,No,Soltero,Universitario,Relacion_de_dependencia,0
59,98186.0,2619,8.6,23.0,673.0,6665,1,Si,Soltera,Universitario,Autonomo,0
23,41745.0,14975,6.96,22.0,727.0,12921,4,Si,Casado,Posgrado,Relacion_de_dependencia,0
36,46890.0,46603,21.07,21.0,532.0,1936,3,Si,Casado,Universitario,Autonomo,0
32,35022.0,24252,7.44,,739.0,13968,3,Si,Divorciado,Secundaria,Autonomo,0
29,67579.0,16261,7.5,22.0,801.0,25538,3,No,Casado,SECUNDARIA,Relacion_de_dependencia,0
47,85316.0,2431,22.01,10.0,,11197,2,No,Soltero,Posgrado,Autonomo,0
26,,10067,11.89,27.0,375.0,11998,2,No,Soltero,Secundaria,Autonomo,1
27,43380.0,38481,5.62,13.0,738.0,882,5,No,DIVORCIADO,Secundaria,Relacion_de_dependencia,0
47,17356.0,28037,6.04,29.0,588.0,20224,2,Si,Divorciado,Secundaria,Desempleado,1
25,,10557,7.84,4.0,,6923,2,Si,Divorciado,Universitario,Relacion_de_dependencia,0
40,107447.0,10435,9.27,5.0,552.0,25446,2,Si,Casado,Secundaria,Relacion_de_dependencia,0
41,104899.0,38766,18.3,,425.0,20995,4,No,Soltero,Universitario,Autonomo,1
54,35049.0,1162,8.15,7.0,476.0,27561,2,Si,Casado,Universitario,Relacion_de_dependencia,0
41,90717.0,35742,7.38,13.0,336.0,13708,1,Si,Casado,Posgrado,Relacion_de_dependencia,0
33,31082.0,20675,20.29,23.0,709.0,25441,1,Si,Soltero,,Relacion_de_dependencia,0
22,15661.0,9461,18.42,2.0,426.0,5204,5,Si,Casado,Universitario,Autonomo,1
47,52412.0,18015,13.71,11.0,782.0,28885,4,No,Soltero,Universitario,Autonomo,0
35,17920.0,33591,15.99,15.0,467.0,7288,1,Si,Soltero,Universitario,Relacion_de_dependencia,0
59,106194.0,29047,11.24,27.0,593.0,3203,4,Si,Casado,Universitario,Desempleado,1
58,75315.0,35782,150.0,29.0,642.0,27473,4,No,Casado,Posgrado,Relacion_de_dependencia,0
32,94561.0,10833,15.13,22.0,609.0,2244,5,No,Divorciado,Secundaria,Relacion_de_dependencia,0
57,23946.0,8896,12.74,16.0,827.0,18,4,No,Soltero,Post-grado,Autonomo,0
34,109242.0,33972,23.13,0.0,839.0,17025,2,Si,Soltero,Universitario,Autonomo,0
64,60500.0,42800,5.32,22.0,,3083,4,Si,Soltero,Secundaria,Relacion_de_dependencia,0
24,119540.0,31508,20.64,9.0,,21584,5,Si,Soltero,Posgrado,Relacion_de_dependencia,0
54,,6347,7.49,24.0,,8521,5,Si,Soltero,Universitario,Autonomo,0
27,,31314,20.95,22.0,738.0,17249,5,No,Casado,Secundaria,Desempleado,0
31,,3643,17.32,9.0,,773,1,Si,Casado,Secundaria,Relacion_de_dependencia,0
26,45027.0,41785,21.87,20.0,384.0,29063,2,Si,Casado,Secundaria,Relacion_de_dependencia,0
44,87541.0,19681,6.95,23.0,,4732,1,No,Divorciado,Universitario,Desempleado,0
31,74321.0,39328,16.18,1.0,788.0,26930,3,No,Casado,Secundaria,Autonomo,0
23,15956.0,16892,15.02,8.0,364.0,27914,2,No,Soltero,Secundaria,Relacion_de_dependencia,0
34,115375.0,48299,19.12,21.0,363.0,19902,4,Si,Soltero,Secundaria,Autonomo,0
61,,18073,15.69,12.0,642.0,27518,5,Si,Divorciado,,Autonomo,0
23,62908.0,37768,15.81,24.0,651.0,6795,3,Si,Casado,Posgrado,Desempleado,0
41,93339.0,31682,13.59,15.0,457.0,6984,2,Si,casado,Universitario,Autonomo,0
22,40963.0,33262,11.18,17.0,790.0,29697,1,Si,Divorciado,Secundaria,Relacion_de_dependencia,0
58,116757.0,32358,14.65,18.0,762.0,2567,5,No,Divorciado,Posgrado,Relacion_de_dependencia,0
30,54443.0,15289,7.37,11.0,524.0,16121,1,No,Divorciado,Universitario,Relacion_de_dependencia,0
38,114259.0,8927,24.23,7.0,612.0,1674,2,Si,Casado,Posgrado,Relacion_de_dependencia,0
30,54063.0,49330,19.29,16.0,765.0,10875,2,Si,Soltero,Universitario,Autonomo,1
32,95818.0,2171,24.05,14.0,387.0,11572,3,Si,Divorciado,,Desempleado,0
36,19703.0,12918,9.53,,,739,4,Si,Casado,Universitario,Relacion_de_dependencia,0
0,80128.0,42903,22.59,14.0,734.0,1545,1,Si,Soltero,Secundaria,Relacion_de_dependencia,0
59,87099.0,40110,21.18,14.0,434.0,29140,3,No,Casado,Universitario,Relacion_de_dependencia,1
56,40849.0,12929,18.54,22.0,349.0 pts,26835,5,No,Casado,Posgrado,Autonomo,0
51,46860.0,3539,17.5,6.0,731.0,9327,4,No,Divorciado,Posgrado,Relacion_de_dependencia,0
52,46585.0,37727,11.33,12.0,,5127,3,Si,Casado,Posgrado,Relacion_de_dependencia,0
26,37015.0,46951,21.33,16.0,646.0,23331,1,Si,soltero,Universitario,Relacion_de_dependencia,1
35,92539.0,23669,15.03,8.0,646.0,23004,2,No,Divorciado,Secundaria,Relacion_de_dependencia,0
32,,6432,6.42,,544.0,9065,5,No,Casado,Secundaria,Relacion_de_dependencia,0
30,41958.0,21644,11.26,19.0,408.0,20939,1,Si,Casado,Universitario,Autonomo,0
55,41017.0,19745,23.71,25.0,832.0,10492,4,No,Soltero,Universitario,Relacion_de_dependencia,0
33,91707.0,29228,22.01,26.0,389.0,22029,4,No,Soltero,SECUNDARIA,Relacion_de_dependencia,1
56,60350.0,35521,24.64,20.0,595.0,25327,2,Si,Casado,Secundaria,Relacion_de_dependencia,1
56,27201.0,32703,17.56,17.0,411.0,13749,2,No,Soltero,Universitario,Relacion_de_dependencia,0
22,44426.0,27928,9.95,12.0,476.0,23508,5,No,Soltero,Universitario,Autonomo,1
61,0.0,19322,8.26,15.0,642.0,9045,5,No,Casado,Posgrado,Relacion_de_dependencia,0
43,60241.0,23360,8.74,8.0,400.0,20116,2,Si,Casado,Universitario,Autonomo,1
50,57229.0,30055,5.4,11.0,700.0,18667,2,No,Casado,universitario,Relacion_de_dependencia,0
29,101652.0,43891,12.81,,327.0,9521,4,No,Soltero,Universitario,Relacion_de_dependencia,0
32,,17376,8.83,5.0,836.0,8669,2,No,Casado,Posgrado,Relacion_de_dependencia,0
62,113833.0,7588,13.23,18.0,357.0,27302,3,Si,Casado,Universitario,Autonomo,0
58,99878.0,26000,23.7,27.0,797.0,11283,1,Si,Soltero,Posgrado,Relacion_de_dependencia,0
35,72056.0,7304,13.61,6.0,,6998,2,No,Soltero,Posgrado,Desempleado,0
51,42490.0,8345,22.56,24.0,433.0,28806,5,Si,Casado,Posgrado,Relacion_de_dependencia,0
56,34975.0,30300,17.11,2.0,630.0,13440,3,No,Divorciado,Universitario,Relacion_de_dependencia,0
42,41723.0,25259,9.94,15.0,548.0,12697,5,Si,Casado,Secundaria,Autonomo,0
58,38279.0,26470,12.12,17.0,849.0,13733,3,Si,Soltero,Secundaria,Desempleado,1
26,93301.0,24017,6.68,15.0,374.0,21797,2,No,Soltero,Secundaria,Relacion_de_dependencia,0
40,26561.0,16352,11.67,22.0,467.0,1269,1,No,Divorciado,Secundaria,Relacion_de_dependencia,0
35,81061.0,34365,18.55,6.0,802.0,7868,5,No,Soltero,,Relacion_de_dependencia,0
47,103397.0,20446,6.44,3.0,654.0,12373,3,Si,Casado,Univ.,Relacion_de_dependencia,0
25,64153.0,3336,9.11,26.0,524.0,18987,4,No,Casado,Universitario,Desempleado,0
46,48142.0,10879,12.63,24.0,830.0,5961,2,Si,Soltero,Universitario,Relacion_de_dependencia,0
63,41916.0,33316,24.64,29.0,445.0,15734,1,Si,Casado,Secundaria,Relacion_de_dependencia,0
46,,34340,20.7,7.0,540.0,9661,2,No,Casado,Universitario,Desempleado,1
39,59965.0,8521,19.67,12.0,643.0,8569,4,Si,Casado,Universitario,Autonomo,0
61,19648.0,7171,7.32,12.0,334.0,7557,1,No,Soltero,Universitario,Relacion_de_dependencia,0
29,50133.0,24481,20.62,16.0,300.0,18064,4,Si,Soltero,Posgrado,Desempleado,1
60,,19474,20.71,,452.0,29746,2,No,Casado,Secundaria,Relacion_de_dependencia,1
61,111059.0,47760,17.02,4.0,728.0,8433,3,Si,Casado,Secundaria,Relacion_de_dependencia,0
35,,45629,24.81,5.0,807.0,15653,2,Si,Soltero,Universitario,Desempleado,0
53,114950.0,46232,11.51,18.0,425.0,9111,2,No,Soltero,Secundaria,Relacion_de_dependencia,0
59,113317.0,22008,23.83,12.0,790.0,5682,2,Si,Soltero,Universitario,Relacion_de_dependencia,1
54,85135.0,2633,23.29,24.0,781.0,15479,5,No,Divorciado,Universitario,Relacion_de_dependencia,0
44,50046.0,13485,5.23,27.0,644.0,15047,4,Si,Casado,,Autonomo,0
36,62064.0,44617,14.0,25.0,520.0,8084,4,Si,Divorciado,Secundaria,Relacion_de_dependencia,0
54,116459.0,4648,24.54,13.0,324.0,21751,4,Si,Soltero,Universitario,Relacion_de_dependencia,0
46,84350.0,48945,7.06,21.0,827.0,16453,5,No,Divorciado,Universitario,Autonomo,0
38,60893.0,14140,15.96,3.0,481.0,20308,3,No,Soltero,,Relacion_de_dependencia,0
54,116520.0,18921,24.58,27.0,798.0,6200,2,No,Casado,Secundaria,Autonomo,0
23,76272.0,15357,16.11,6.0,341.0,10278,3,No,Casado,Secundaria,Autonomo,0
35,107152.0,47136,8.8,7.0,780.0,2007,5,No,Soltero,Secundaria,Relacion_de_dependencia,0
61,,4137,16.64,24.0,,25376,4,Si,Casado,Secundaria,Relacion_de_dependencia,0
61,79674.0,1097,9.09,12.0,701.0,15802,2,Si,Soltero,Posgrado,Relacion_de_dependencia,0
60,28760.0,12407,15.39,,845.0,13329,1,No,Soltero,Secundaria,Relacion_de_dependencia,0
27,36927.0,31575,6.48,5.0,644.0,24503,1,Si,Casado,Universitario,Autonomo,0
27,101475.0,13722,17.11,5.0,344.0,2779,3,Si,Casado,Posgrado,Relacion_de_dependencia,1
24,,13924,15.34,23.0,320.0,21304,4,Si,Casado,Secundaria,Relacion_de_dependencia,0
28,112955.0,4750,19.8,27.0,369.0,755,1,Si,Casado,Universitario,Relacion_de_dependencia,0
29,27588.0,28733,17.61,20.0,347.0,6495,3,No,Casado,Posgrado,Relacion_de_dependencia,1
63,116678.0,9535,15.99,29.0,790.0,10187,5,Si,Soltero,Posgrado,Relacion_de_dependencia,0
36,119734.0,25487,18.8,2.0,586.0,22319,3,No,Soltero,Universitario,Autonomo,0
50,67233.0,31651,7.88,27.0,309.0,9513,3,No,Divorciado,Universitario,Relacion_de_dependencia,0
54,59738.0,5666,16.91,2.0,841.0,18714,3,Si,SOLTERO,Posgrado,Autonomo,0
51,48397.0,49777,8.44,12.0,573.0,22089,2,No,Casado,Universitario,Relacion_de_dependencia,0
60,97189.0,17994,23.51,21.0,680.0,24685,3,Si,Soltero,Posgrado,Relacion_de_dependencia,0
48,91367.0,9999999,6.37,1.0,628.0,17400,3,Si,Casado,Universitario,Relacion_de_dependencia,0
57,86260.0,35622,13.61,15.0,778.0,7347,2,Si,CASADO,Universitario,Autonomo,0
50,91619.0,11800,18.92,,314.0,14249,2,No,Soltero,Posgrado,Relacion_de_dependencia,0
59,34816.0,38823,14.16,28.0,815.0,14879,5,No,Soltero,Posgrado,Relacion_de_dependencia,0
54,57240.0,44039,6.84,,490.0,14057,4,No,Casado,Universitario,Relacion_de_dependencia,1
58,21276.0,19708,16.07,7.0,467.0,12057,1,Si,Soltero,Secundaria,Autonomo,0
48,119199.0,13819,17.83,22.0,820.0,24600,1,Si,Soltero,Universitario,Relacion_de_dependencia,0
54,94530.0,10369,19.08,7.0,436.0,4938,3,Si,Casado,Universitario,Relacion_de_dependencia,1
25,38499.0,10283,12.47,29.0,453.0,19222,5,No,Soltero,Universitario,Autonomo,1
43,,31573,16.27,24.0,,737,3,Si,DIVORCIADO,Posgrado,Autonomo,0
23,97495.0,14171,14.01,5.0,508.0,6200,1,Si,Casado,,Relacion_de_dependencia,0
31,86635.0,31933,18.44,13.0,571.0,8371,2,No,Soltero,Universitario,Relacion_de_dependencia,0
33,69842.0,10956,13.32,,338.0,24700,5,Si,Soltero,Universitario,Autonomo,0
36,76681.0,47026,5.95,27.0,314.0,17916,5,No,Soltero,Univ.,Relacion_de_dependencia,1
53,84346.0,36262,21.4,,,17517,5,Si,Divorciado,Universitario,Relacion_de_dependencia,0
43,15338.0,5895,14.56,26.0,730.0,16678,4,No,Divorciado,,Relacion_de_dependencia,0
47,,17393,5.9,5.0,312.0,21991,2,No,Casado,Post-grado,Relacion_de_dependencia,0
35,92539.0,23669,15.03,8.0,646.0,23004,2,No,Divorciado,Secundaria,Relacion_de_dependencia,0
59,76268.0,27160,10.13,28.0,440.0,1990,3,Si,Casado,Universitario,Autonomo,0
35,89319.0,11720,5.66,22.0,315.0,28455,4,No,Soltero,,Relacion_de_dependencia,0
56,104399.0,35503,15.52,8.0,814.0,24426,3,Si,Casado,Universitario,Relacion_de_dependencia,0
56,68028.0,10110,19.79,16.0,683.0,17174,2,Si,Casado,Secundaria,Autonomo,0
25,44430.0,12871,23.59,26.0,429.0 pts,4368,3,Si,Soltero,Universitario,Relacion_de_dependencia,0
57,105397.0,18824,17.43,,759.0,28129,4,Si,Divorciado,Universitario,Relacion_de_dependencia,0
54,116459.0,4648,24.54,13.0,324.0,21751,4,Si,Soltero,Universitario,Relacion_de_dependencia,0
60,60186.0,4083,6.99,28.0,324.0,26907,4,No,Soltero,Secundaria,Autonomo,1
54,116520.0,18921,24.58,27.0,798.0,6200,2,No,Casado,Secundaria,Autonomo,0
